SALES_ID,SALES_REP,EMAILS,BRANDS,PLANT_COST,UNIT_PRICE,QUANTITY,COST,PROFIT,COUNTRIES,REGION ,MONTHS,YEARS
10101,Jardine,jard@gmail.com,trophy,150,200,725,145000,36250,Ghana,Southeast,January,2019
10102,Gill,gillhell@uk.com,budweiser,250,500,815,407500,203750,Nigeria,west,February,2018
10103,Sorvino,sorvi2000@gmail.com,castle lite,180,450,937,421650,252990,Togo,southsouth,March,2018
10104,Jones,jone.ai@yahoo.com,eagle lager,170,250,765,191250,61200,Benin,northwest,April,2018
10105,Andrews,andy@gmail.com,hero,150,200,836,167200,41800,Senegal,northeast ,May,2017
10106,Jardine,jard@gmail.com,beta malt,80,150,798,119700,55860,Ghana,northcentral ,June,2019
10107,Thompson,thomp@uk.com,grand malt,90,150,954,143100,57240,Nigeria,Southeast,July,2017
10108,Jones,jone.ai@yahoo.com,trophy,150,200,812,162400,40600,Togo,west,August,2018
10109,Morgan,morganny@gmail.com,budweiser,250,500,700,350000,175000,Benin,southsouth,September,2019
10110,Howard,howard_freeman@yahoo.com,castle lite,180,450,745,335250,201150,Senegal,northwest,October,2017
10111,Parent,parentty@uk.com,eagle lager,170,250,861,215250,68880,Ghana,northeast ,November,2017
10112,Jones,jone.ai@yahoo.com,hero,150,200,902,180400,45100,Nigeria,northcentral ,December,2019
10113,Smith,smithMan@yahoo.com,beta malt,80,150,731,109650,51170,Togo,Southeast,January,2018
10114,Jones,jone.ai@yahoo.com,grand malt,90,150,843,126450,50580,Benin,west,February,2017
10115,Morgan,morganny@gmail.com,trophy,150,200,939,187800,46950,Senegal,southsouth,March,2018
10116,Jones,jone.ai@yahoo.com,budweiser,250,500,709,354500,177250,Ghana,northwest,April,2019
10117,Parent,parentty@uk.com,castle lite,180,450,837,376650,225990,Nigeria,northeast ,May,2017
10118,Kivell,kivel_go@yahoo.com,eagle lager,170,250,910,227500,72800,Togo,northcentral ,June,2018
10119,Smith,smithMan@yahoo.com,hero,150,200,996,199200,49800,Benin,Southeast,July,2019
10120,Parent,parentty@uk.com,beta malt,80,150,731,109650,51170,Senegal,west,August,2017
10121,Gill,gillhell@uk.com,grand malt,90,150,898,134700,53880,Ghana,southsouth,September,2017
10122,Smith,smithMan@yahoo.com,trophy,150,200,860,172000,43000,Nigeria,northwest,October,2018
10123,Jones,jone.ai@yahoo.com,budweiser,250,500,859,429500,214750,Togo,northeast ,November,2017
10124,Sorvino,sorvi2000@gmail.com,castle lite,180,450,857,385650,231390,Benin,northcentral ,December,2017
10125,Jardine,jard@gmail.com,eagle lager,170,250,715,178750,57200,Senegal,Southeast,January,2018
10126,Andrews,andy@gmail.com,hero,150,200,999,199800,49950,Ghana,west,February,2018
10127,Howard,howard_freeman@yahoo.com,beta malt,80,150,982,147300,68740,Nigeria,southsouth,March,2017
10128,Gill,gillhell@uk.com,grand malt,90,150,920,138000,55200,Togo,northwest,April,2018
10129,Gill,gillhell@uk.com,trophy,150,200,875,175000,43750,Benin,northeast ,May,2017
10130,Kivell,kivel_go@yahoo.com,budweiser,250,500,945,472500,236250,Senegal,northcentral ,June,2019
10131,Jones,jone.ai@yahoo.com,castle lite,180,450,794,357300,214380,Ghana,Southeast,July,2019
10132,Morgan,morganny@gmail.com,eagle lager,170,250,826,206500,66080,Nigeria,west,August,2017
10133,Kivell,kivel_go@yahoo.com,hero,150,200,1000,200000,50000,Togo,southsouth,September,2019
10134,Sorvino,sorvi2000@gmail.com,beta malt,80,150,804,120600,56280,Benin,northwest,October,2018
10135,Gill,gillhell@uk.com,grand malt,90,150,890,133500,53400,Senegal,northeast ,November,2017
10136,Sorvino,sorvi2000@gmail.com,trophy,150,200,870,174000,43500,Ghana,northcentral ,December,2017
10137,Thompson,thomp@uk.com,budweiser,250,500,821,410500,205250,Nigeria,Southeast,January,2017
10138,Andrews,andy@gmail.com,castle lite,180,450,950,427500,256500,Togo,west,February,2018
10139,Jardine,jard@gmail.com,eagle lager,170,250,784,196000,62720,Benin,southsouth,March,2019
10140,Jardine,jard@gmail.com,hero,150,200,999,199800,49950,Senegal,northwest,April,2019
10141,Andrews,andy@gmail.com,beta malt,80,150,894,134100,62580,Ghana,northeast ,May,2019
10142,Jardine,jard@gmail.com,grand malt,90,150,827,124050,49620,Nigeria,northcentral ,June,2017
10143,Gill,gillhell@uk.com,trophy,150,200,779,155800,38950,Togo,Southeast,July,2018
10144,Sorvino,sorvi2000@gmail.com,budweiser,250,500,835,417500,208750,Benin,west,August,2017
10145,Jones,jone.ai@yahoo.com,castle lite,180,450,801,360450,216270,Senegal,southsouth,September,2018
10146,Andrews,andy@gmail.com,eagle lager,170,250,710,177500,56800,Ghana,northwest,October,2017
10147,Jardine,jard@gmail.com,hero,150,200,952,190400,47600,Nigeria,northeast ,November,2017
10148,Thompson,thomp@uk.com,beta malt,80,150,891,133650,62370,Togo,northcentral ,December,2017
10149,Jones,jone.ai@yahoo.com,grand malt,90,150,781,117150,46860,Benin,Southeast,January,2018
10150,Morgan,morganny@gmail.com,trophy,150,200,845,169000,42250,Senegal,west,February,2019
10151,Howard,howard_freeman@yahoo.com,budweiser,250,500,719,359500,179750,Ghana,southsouth,March,2018
10152,Parent,parentty@uk.com,castle lite,180,450,878,395100,237060,Nigeria,northwest,April,2019
10153,Jones,jone.ai@yahoo.com,eagle lager,170,250,832,208000,66560,Togo,northeast ,May,2018
10154,Smith,smithMan@yahoo.com,hero,150,200,766,153200,38300,Benin,northcentral ,June,2017
10155,Jones,jone.ai@yahoo.com,beta malt,80,150,726,108900,50820,Senegal,Southeast,July,2018
10156,Morgan,morganny@gmail.com,grand malt,90,150,962,144300,57720,Ghana,west,August,2017
10157,Jones,jone.ai@yahoo.com,trophy,150,200,920,184000,46000,Nigeria,southsouth,September,2018
10158,Parent,parentty@uk.com,budweiser,250,500,776,388000,194000,Togo,northwest,October,2017
10159,Kivell,kivel_go@yahoo.com,castle lite,180,450,872,392400,235440,Benin,northeast ,November,2018
10160,Smith,smithMan@yahoo.com,eagle lager,170,250,831,207750,66480,Senegal,northcentral ,December,2017
10161,Parent,parentty@uk.com,hero,150,200,847,169400,42350,Ghana,Southeast,January,2019
10162,Gill,gillhell@uk.com,beta malt,80,150,931,139650,65170,Nigeria,west,February,2018
10163,Smith,smithMan@yahoo.com,grand malt,90,150,768,115200,46080,Togo,southsouth,March,2017
10164,Jones,jone.ai@yahoo.com,trophy,150,200,736,147200,36800,Benin,northwest,April,2017
10165,Sorvino,sorvi2000@gmail.com,budweiser,250,500,780,390000,195000,Senegal,northeast ,May,2019
10166,Jardine,jard@gmail.com,castle lite,180,450,918,413100,247860,Ghana,northcentral ,June,2017
10167,Andrews,andy@gmail.com,eagle lager,170,250,769,192250,61520,Nigeria,Southeast,July,2019
10168,Howard,howard_freeman@yahoo.com,hero,150,200,712,142400,35600,Togo,west,August,2019
10169,Gill,gillhell@uk.com,beta malt,80,150,768,115200,53760,Benin,southsouth,September,2017
10170,Gill,gillhell@uk.com,grand malt,90,150,940,141000,56400,Senegal,northwest,October,2018
10171,Kivell,kivel_go@yahoo.com,trophy,150,200,948,189600,47400,Ghana,northeast ,November,2018
10172,Jones,jone.ai@yahoo.com,budweiser,250,500,869,434500,217250,Nigeria,northcentral ,December,2018
10173,Morgan,morganny@gmail.com,castle lite,180,450,727,327150,196290,Togo,Southeast,January,2019
10174,Kivell,kivel_go@yahoo.com,eagle lager,170,250,833,208250,66640,Benin,west,February,2018
10175,Sorvino,sorvi2000@gmail.com,hero,150,200,974,194800,48700,Senegal,southsouth,March,2018
10176,Gill,gillhell@uk.com,beta malt,80,150,713,106950,49910,Ghana,northwest,April,2017
10177,Sorvino,sorvi2000@gmail.com,grand malt,90,150,729,109350,43740,Nigeria,northeast ,May,2017
10178,Thompson,thomp@uk.com,trophy,150,200,946,189200,47300,Togo,northcentral ,June,2019
10179,Andrews,andy@gmail.com,budweiser,250,500,739,369500,184750,Benin,Southeast,July,2017
10180,Jardine,jard@gmail.com,castle lite,180,450,795,357750,214650,Senegal,west,August,2019
10181,Jardine,jard@gmail.com,eagle lager,170,250,701,175250,56080,Ghana,southsouth,September,2018
10182,Andrews,andy@gmail.com,hero,150,200,773,154600,38650,Nigeria,northwest,October,2019
10183,Jones,jone.ai@yahoo.com,beta malt,80,150,801,120150,56070,Togo,northeast ,November,2018
10184,Morgan,morganny@gmail.com,grand malt,90,150,892,133800,53520,Benin,northcentral ,December,2017
10185,Kivell,kivel_go@yahoo.com,trophy,150,200,739,147800,36950,Senegal,Southeast,January,2018
10186,Sorvino,sorvi2000@gmail.com,budweiser,250,500,704,352000,176000,Ghana,west,February,2018
10187,Gill,gillhell@uk.com,castle lite,180,450,879,395550,237330,Nigeria,southsouth,March,2018
10188,Sorvino,sorvi2000@gmail.com,eagle lager,170,250,993,248250,79440,Togo,northwest,April,2017
10189,Thompson,thomp@uk.com,hero,150,200,820,164000,41000,Benin,northeast ,May,2018
10190,Andrews,andy@gmail.com,beta malt,80,150,869,130350,60830,Senegal,northcentral ,June,2018
10191,Jardine,jard@gmail.com,grand malt,90,150,902,135300,54120,Ghana,Southeast,July,2019
10192,Jardine,jard@gmail.com,trophy,150,200,981,196200,49050,Nigeria,west,August,2019
10193,Andrews,andy@gmail.com,budweiser,250,500,722,361000,180500,Togo,southsouth,September,2017
10194,Jardine,jard@gmail.com,castle lite,180,450,849,382050,229230,Benin,northwest,October,2017
10195,Gill,gillhell@uk.com,eagle lager,170,250,910,227500,72800,Senegal,northeast ,November,2019
10196,Sorvino,sorvi2000@gmail.com,hero,150,200,959,191800,47950,Ghana,northcentral ,December,2018
10197,Jones,jone.ai@yahoo.com,beta malt,80,150,896,134400,62720,Nigeria,Southeast,January,2019
10198,Andrews,andy@gmail.com,grand malt,90,150,856,128400,51360,Togo,west,February,2017
10199,Jardine,jard@gmail.com,trophy,150,200,817,163400,40850,Benin,southsouth,March,2017
10200,Thompson,thomp@uk.com,budweiser,250,500,729,364500,182250,Senegal,northwest,April,2017
10201,Jones,jone.ai@yahoo.com,castle lite,180,450,805,362250,217350,Ghana,northeast ,May,2017
10202,Morgan,morganny@gmail.com,eagle lager,170,250,828,207000,66240,Nigeria,northcentral ,June,2019
10203,Howard,howard_freeman@yahoo.com,hero,150,200,990,198000,49500,Togo,Southeast,July,2019
10204,Parent,parentty@uk.com,beta malt,80,150,831,124650,58170,Benin,west,August,2017
10205,Jones,jone.ai@yahoo.com,grand malt,90,150,903,135450,54180,Senegal,southsouth,September,2019
10206,Smith,smithMan@yahoo.com,trophy,150,200,751,150200,37550,Ghana,northwest,October,2017
10207,Jones,jone.ai@yahoo.com,budweiser,250,500,990,495000,247500,Nigeria,northeast ,November,2019
10208,Jardine,jard@gmail.com,castle lite,180,450,878,395100,237060,Togo,northcentral ,December,2018
10209,Gill,gillhell@uk.com,eagle lager,170,250,720,180000,57600,Benin,Southeast,January,2017
10210,Sorvino,sorvi2000@gmail.com,hero,150,200,777,155400,38850,Senegal,west,February,2017
10211,Jones,jone.ai@yahoo.com,beta malt,80,150,848,127200,59360,Ghana,southsouth,March,2019
10212,Andrews,andy@gmail.com,grand malt,90,150,874,131100,52440,Nigeria,northwest,April,2017
10213,Jardine,jard@gmail.com,trophy,150,200,739,147800,36950,Togo,northeast ,May,2017
10214,Thompson,thomp@uk.com,budweiser,250,500,704,352000,176000,Benin,northcentral ,June,2018
10215,Jones,jone.ai@yahoo.com,castle lite,180,450,855,384750,230850,Senegal,Southeast,July,2019
10216,Morgan,morganny@gmail.com,eagle lager,170,250,971,242750,77680,Ghana,west,August,2018
10217,Howard,howard_freeman@yahoo.com,hero,150,200,957,191400,47850,Nigeria,southsouth,September,2019
10218,Parent,parentty@uk.com,beta malt,80,150,769,115350,53830,Togo,northwest,October,2017
10219,Jones,jone.ai@yahoo.com,grand malt,90,150,710,106500,42600,Benin,northeast ,November,2019
10220,Smith,smithMan@yahoo.com,trophy,150,200,917,183400,45850,Senegal,northcentral ,December,2019
10221,Jones,jone.ai@yahoo.com,budweiser,250,500,727,363500,181750,Ghana,Southeast,January,2017
10222,Morgan,morganny@gmail.com,castle lite,180,450,768,345600,207360,Nigeria,west,February,2018
10223,Jones,jone.ai@yahoo.com,eagle lager,170,250,870,217500,69600,Togo,southsouth,March,2019
10224,Parent,parentty@uk.com,hero,150,200,914,182800,45700,Benin,northwest,April,2019
10225,Kivell,kivel_go@yahoo.com,beta malt,80,150,763,114450,53410,Senegal,northeast ,May,2019
10226,Smith,smithMan@yahoo.com,grand malt,90,150,951,142650,57060,Ghana,northcentral ,June,2017
10227,Parent,parentty@uk.com,trophy,150,200,810,162000,40500,Nigeria,Southeast,July,2018
10228,Gill,gillhell@uk.com,budweiser,250,500,886,443000,221500,Togo,west,August,2019
10229,Smith,smithMan@yahoo.com,castle lite,180,450,984,442800,265680,Benin,southsouth,September,2018
10230,Jones,jone.ai@yahoo.com,eagle lager,170,250,974,243500,77920,Senegal,northwest,October,2017
10231,Sorvino,sorvi2000@gmail.com,hero,150,200,901,180200,45050,Ghana,northeast ,November,2019
10232,Jardine,jard@gmail.com,beta malt,80,150,934,140100,65380,Nigeria,northcentral ,December,2019
10233,Andrews,andy@gmail.com,grand malt,90,150,832,124800,49920,Togo,Southeast,January,2017
10234,Howard,howard_freeman@yahoo.com,trophy,150,200,840,168000,42000,Benin,west,February,2018
10235,Gill,gillhell@uk.com,budweiser,250,500,966,483000,241500,Senegal,southsouth,March,2017
10236,Gill,gillhell@uk.com,castle lite,180,450,832,374400,224640,Ghana,northwest,April,2018
10237,Kivell,kivel_go@yahoo.com,eagle lager,170,250,968,242000,77440,Nigeria,northeast ,May,2019
10238,Jones,jone.ai@yahoo.com,hero,150,200,791,158200,39550,Togo,northcentral ,June,2019
10239,Morgan,morganny@gmail.com,beta malt,80,150,774,116100,54180,Benin,Southeast,July,2018
10240,Kivell,kivel_go@yahoo.com,grand malt,90,150,992,148800,59520,Senegal,west,August,2017
10241,Sorvino,sorvi2000@gmail.com,trophy,150,200,881,176200,44050,Ghana,southsouth,September,2018
10242,Gill,gillhell@uk.com,budweiser,250,500,975,487500,243750,Nigeria,northwest,October,2017
10243,Sorvino,sorvi2000@gmail.com,castle lite,180,450,733,329850,197910,Togo,northeast ,November,2018
10244,Thompson,thomp@uk.com,eagle lager,170,250,776,194000,62080,Benin,northcentral ,December,2017
10245,Andrews,andy@gmail.com,hero,150,200,924,184800,46200,Senegal,Southeast,January,2019
10246,Jardine,jard@gmail.com,beta malt,80,150,744,111600,52080,Ghana,west,February,2019
10247,Jardine,jard@gmail.com,grand malt,90,150,754,113100,45240,Nigeria,southsouth,March,2019
10248,Andrews,andy@gmail.com,trophy,150,200,792,158400,39600,Togo,northwest,April,2019
10249,Jardine,jard@gmail.com,budweiser,250,500,838,419000,209500,Benin,northeast ,May,2017
10250,Gill,gillhell@uk.com,castle lite,180,450,963,433350,260010,Senegal,northcentral ,June,2017
10251,Sorvino,sorvi2000@gmail.com,eagle lager,170,250,995,248750,79600,Ghana,Southeast,July,2017
10252,Jones,jone.ai@yahoo.com,hero,150,200,941,188200,47050,Nigeria,west,August,2017
10253,Andrews,andy@gmail.com,beta malt,80,150,930,139500,65100,Togo,southsouth,September,2018
10254,Jardine,jard@gmail.com,grand malt,90,150,780,117000,46800,Benin,northwest,October,2019
10255,Thompson,thomp@uk.com,trophy,150,200,729,145800,36450,Senegal,northeast ,November,2019
10256,Jones,jone.ai@yahoo.com,budweiser,250,500,909,454500,227250,Ghana,northcentral ,December,2019
10257,Morgan,morganny@gmail.com,castle lite,180,450,961,432450,259470,Nigeria,Southeast,January,2018
10258,Howard,howard_freeman@yahoo.com,eagle lager,170,250,729,182250,58320,Togo,west,February,2018
10259,Parent,parentty@uk.com,hero,150,200,944,188800,47200,Benin,southsouth,March,2019
10260,Jones,jone.ai@yahoo.com,beta malt,80,150,981,147150,68670,Senegal,northwest,April,2017
10261,Smith,smithMan@yahoo.com,grand malt,90,150,763,114450,45780,Ghana,northeast ,May,2018
10262,Jones,jone.ai@yahoo.com,trophy,150,200,885,177000,44250,Nigeria,northcentral ,June,2017
10263,Morgan,morganny@gmail.com,budweiser,250,500,854,427000,213500,Togo,Southeast,July,2018
10264,Jones,jone.ai@yahoo.com,castle lite,180,450,727,327150,196290,Benin,west,August,2018
10265,Parent,parentty@uk.com,eagle lager,170,250,991,247750,79280,Senegal,southsouth,September,2018
10266,Kivell,kivel_go@yahoo.com,hero,150,200,792,158400,39600,Ghana,northwest,October,2019
10267,Smith,smithMan@yahoo.com,beta malt,80,150,898,134700,62860,Nigeria,northeast ,November,2019
10268,Parent,parentty@uk.com,grand malt,90,150,945,141750,56700,Togo,northcentral ,December,2019
10269,Gill,gillhell@uk.com,trophy,150,200,814,162800,40700,Benin,Southeast,January,2019
10270,Smith,smithMan@yahoo.com,budweiser,250,500,863,431500,215750,Senegal,west,February,2018
10271,Jones,jone.ai@yahoo.com,castle lite,180,450,829,373050,223830,Ghana,southsouth,March,2019
10272,Sorvino,sorvi2000@gmail.com,eagle lager,170,250,747,186750,59760,Nigeria,northwest,April,2017
10273,Jardine,jard@gmail.com,hero,150,200,961,192200,48050,Togo,northeast ,May,2018
10274,Andrews,andy@gmail.com,beta malt,80,150,803,120450,56210,Benin,northcentral ,June,2019
10275,Howard,howard_freeman@yahoo.com,grand malt,90,150,875,131250,52500,Senegal,Southeast,July,2017
10276,Gill,gillhell@uk.com,trophy,150,200,750,150000,37500,Ghana,west,August,2018
10277,Gill,gillhell@uk.com,budweiser,250,500,850,425000,212500,Nigeria,southsouth,September,2017
10278,Kivell,kivel_go@yahoo.com,castle lite,180,450,710,319500,191700,Togo,northwest,October,2018
10279,Jones,jone.ai@yahoo.com,eagle lager,170,250,881,220250,70480,Benin,northeast ,November,2017
10280,Morgan,morganny@gmail.com,hero,150,200,777,155400,38850,Senegal,northcentral ,December,2018
10281,Kivell,kivel_go@yahoo.com,beta malt,80,150,708,106200,49560,Ghana,Southeast,January,2017
10282,Sorvino,sorvi2000@gmail.com,grand malt,90,150,996,149400,59760,Nigeria,west,February,2019
10283,Gill,gillhell@uk.com,trophy,150,200,870,174000,43500,Togo,southsouth,March,2019
10284,Sorvino,sorvi2000@gmail.com,budweiser,250,500,972,486000,243000,Benin,northwest,April,2019
10285,Thompson,thomp@uk.com,castle lite,180,450,989,445050,267030,Senegal,northeast ,May,2018
10286,Andrews,andy@gmail.com,eagle lager,170,250,936,234000,74880,Ghana,northcentral ,June,2018
10287,Jardine,jard@gmail.com,hero,150,200,1000,200000,50000,Nigeria,Southeast,July,2017
10288,Jardine,jard@gmail.com,beta malt,80,150,947,142050,66290,Togo,west,August,2018
10289,Andrews,andy@gmail.com,grand malt,90,150,762,114300,45720,Benin,southsouth,September,2019
10290,Jones,jone.ai@yahoo.com,trophy,150,200,742,148400,37100,Senegal,northwest,October,2017
10291,Morgan,morganny@gmail.com,budweiser,250,500,902,451000,225500,Ghana,northeast ,November,2019
10292,Kivell,kivel_go@yahoo.com,castle lite,180,450,840,378000,226800,Nigeria,northcentral ,December,2018
10293,Sorvino,sorvi2000@gmail.com,eagle lager,170,250,773,193250,61840,Togo,Southeast,January,2017
10294,Gill,gillhell@uk.com,hero,150,200,934,186800,46700,Benin,west,February,2018
10295,Sorvino,sorvi2000@gmail.com,beta malt,80,150,983,147450,68810,Senegal,southsouth,March,2017
10296,Thompson,thomp@uk.com,grand malt,90,150,729,109350,43740,Ghana,northwest,April,2018
10297,Andrews,andy@gmail.com,trophy,150,200,786,157200,39300,Nigeria,northeast ,May,2017
10298,Jardine,jard@gmail.com,budweiser,250,500,843,421500,210750,Togo,northcentral ,June,2018
10299,Jardine,jard@gmail.com,castle lite,180,450,897,403650,242190,Benin,Southeast,July,2017
10300,Andrews,andy@gmail.com,eagle lager,170,250,733,183250,58640,Senegal,west,August,2018
10301,Jardine,jard@gmail.com,hero,150,200,939,187800,46950,Ghana,southsouth,September,2019
10302,Gill,gillhell@uk.com,beta malt,80,150,836,125400,58520,Nigeria,northwest,October,2017
10303,Sorvino,sorvi2000@gmail.com,grand malt,90,150,874,131100,52440,Togo,northeast ,November,2018
10304,Jones,jone.ai@yahoo.com,trophy,150,200,764,152800,38200,Benin,northcentral ,December,2018
10305,Andrews,andy@gmail.com,budweiser,250,500,920,460000,230000,Senegal,Southeast,January,2019
10306,Jardine,jard@gmail.com,castle lite,180,450,950,427500,256500,Ghana,west,February,2017
10307,Thompson,thomp@uk.com,eagle lager,170,250,841,210250,67280,Nigeria,southsouth,March,2017
10308,Jones,jone.ai@yahoo.com,hero,150,200,801,160200,40050,Togo,northwest,April,2017
10309,Morgan,morganny@gmail.com,beta malt,80,150,867,130050,60690,Benin,northeast ,May,2018
10310,Howard,howard_freeman@yahoo.com,grand malt,90,150,721,108150,43260,Senegal,northcentral ,June,2017
10311,Parent,parentty@uk.com,trophy,150,200,755,151000,37750,Ghana,Southeast,July,2017
10312,Jones,jone.ai@yahoo.com,budweiser,250,500,937,468500,234250,Nigeria,west,August,2018
10313,Smith,smithMan@yahoo.com,castle lite,180,450,865,389250,233550,Togo,southsouth,September,2017
10314,Jones,jone.ai@yahoo.com,eagle lager,170,250,736,184000,58880,Benin,northwest,October,2018
10315,Jardine,jard@gmail.com,hero,150,200,982,196400,49100,Senegal,northeast ,November,2017
10316,Gill,gillhell@uk.com,beta malt,80,150,850,127500,59500,Ghana,northcentral ,December,2017
10317,Sorvino,sorvi2000@gmail.com,grand malt,90,150,754,113100,45240,Nigeria,Southeast,January,2017
10318,Jones,jone.ai@yahoo.com,trophy,150,200,912,182400,45600,Togo,west,February,2018
10319,Andrews,andy@gmail.com,budweiser,250,500,881,440500,220250,Benin,southsouth,March,2017
10320,Jardine,jard@gmail.com,castle lite,180,450,818,368100,220860,Senegal,northwest,April,2017
10321,Thompson,thomp@uk.com,eagle lager,170,250,781,195250,62480,Ghana,northeast ,May,2017
10322,Jones,jone.ai@yahoo.com,hero,150,200,910,182000,45500,Nigeria,northcentral ,June,2018
10323,Morgan,morganny@gmail.com,beta malt,80,150,704,105600,49280,Togo,Southeast,July,2019
10324,Howard,howard_freeman@yahoo.com,grand malt,90,150,824,123600,49440,Benin,west,August,2018
10325,Parent,parentty@uk.com,trophy,150,200,710,142000,35500,Senegal,southsouth,September,2019
10326,Jones,jone.ai@yahoo.com,budweiser,250,500,913,456500,228250,Ghana,northwest,October,2018
10327,Smith,smithMan@yahoo.com,castle lite,180,450,983,442350,265410,Nigeria,northeast ,November,2018
10328,Jones,jone.ai@yahoo.com,eagle lager,170,250,706,176500,56480,Togo,northcentral ,December,2019
10329,Morgan,morganny@gmail.com,hero,150,200,819,163800,40950,Benin,Southeast,January,2018
10330,Jones,jone.ai@yahoo.com,beta malt,80,150,762,114300,53340,Senegal,west,February,2018
10331,Parent,parentty@uk.com,grand malt,90,150,760,114000,45600,Ghana,southsouth,March,2019
10332,Kivell,kivel_go@yahoo.com,trophy,150,200,872,174400,43600,Nigeria,northwest,April,2019
10333,Smith,smithMan@yahoo.com,budweiser,250,500,723,361500,180750,Togo,northeast ,May,2019
10334,Parent,parentty@uk.com,castle lite,180,450,913,410850,246510,Benin,northcentral ,June,2019
10335,Gill,gillhell@uk.com,eagle lager,170,250,852,213000,68160,Senegal,Southeast,July,2017
10336,Smith,smithMan@yahoo.com,hero,150,200,856,171200,42800,Ghana,west,August,2019
10337,Jones,jone.ai@yahoo.com,beta malt,80,150,827,124050,57890,Nigeria,southsouth,September,2019
10338,Sorvino,sorvi2000@gmail.com,grand malt,90,150,735,110250,44100,Togo,northwest,October,2017
10339,Jardine,jard@gmail.com,trophy,150,200,819,163800,40950,Benin,northeast ,November,2019
10340,Andrews,andy@gmail.com,budweiser,250,500,882,441000,220500,Senegal,northcentral ,December,2018
10341,Howard,howard_freeman@yahoo.com,castle lite,180,450,897,403650,242190,Ghana,Southeast,January,2017
10342,Gill,gillhell@uk.com,eagle lager,170,250,922,230500,73760,Nigeria,west,February,2018
10343,Gill,gillhell@uk.com,hero,150,200,838,167600,41900,Togo,southsouth,March,2017
10344,Kivell,kivel_go@yahoo.com,beta malt,80,150,859,128850,60130,Benin,northwest,April,2018
10345,Jones,jone.ai@yahoo.com,grand malt,90,150,950,142500,57000,Senegal,northeast ,May,2017
10346,Morgan,morganny@gmail.com,trophy,150,200,706,141200,35300,Ghana,northcentral ,June,2019
10347,Kivell,kivel_go@yahoo.com,budweiser,250,500,702,351000,175500,Nigeria,Southeast,July,2018
10348,Sorvino,sorvi2000@gmail.com,castle lite,180,450,899,404550,242730,Togo,west,August,2019
10349,Gill,gillhell@uk.com,eagle lager,170,250,738,184500,59040,Benin,southsouth,September,2019
10350,Sorvino,sorvi2000@gmail.com,hero,150,200,917,183400,45850,Senegal,northwest,October,2017
10351,Thompson,thomp@uk.com,beta malt,80,150,783,117450,54810,Ghana,northeast ,November,2019
10352,Andrews,andy@gmail.com,grand malt,90,150,831,124650,49860,Nigeria,northcentral ,December,2019
10353,Jardine,jard@gmail.com,trophy,150,200,869,173800,43450,Togo,Southeast,January,2019
10354,Jardine,jard@gmail.com,budweiser,250,500,750,375000,187500,Benin,west,February,2017
10355,Andrews,andy@gmail.com,castle lite,180,450,931,418950,251370,Senegal,southsouth,March,2019
10356,Jardine,jard@gmail.com,eagle lager,170,250,972,243000,77760,Ghana,northwest,April,2017
10357,Gill,gillhell@uk.com,hero,150,200,985,197000,49250,Nigeria,northeast ,May,2017
10358,Sorvino,sorvi2000@gmail.com,beta malt,80,150,826,123900,57820,Togo,northcentral ,June,2018
10359,Jones,jone.ai@yahoo.com,grand malt,90,150,907,136050,54420,Benin,Southeast,July,2018
10360,Andrews,andy@gmail.com,trophy,150,200,704,140800,35200,Senegal,west,August,2019
10361,Jardine,jard@gmail.com,budweiser,250,500,719,359500,179750,Ghana,southsouth,September,2019
10362,Thompson,thomp@uk.com,castle lite,180,450,718,323100,193860,Nigeria,northwest,October,2018
10363,Jones,jone.ai@yahoo.com,eagle lager,170,250,879,219750,70320,Togo,northeast ,November,2017
10364,Morgan,morganny@gmail.com,hero,150,200,816,163200,40800,Benin,northcentral ,December,2017
10365,Howard,howard_freeman@yahoo.com,beta malt,80,150,803,120450,56210,Senegal,Southeast,January,2017
10366,Parent,parentty@uk.com,grand malt,90,150,744,111600,44640,Ghana,west,February,2018
10367,Jones,jone.ai@yahoo.com,trophy,150,200,912,182400,45600,Nigeria,southsouth,March,2017
10368,Smith,smithMan@yahoo.com,budweiser,250,500,801,400500,200250,Togo,northwest,April,2018
10369,Jones,jone.ai@yahoo.com,castle lite,180,450,720,324000,194400,Benin,northeast ,May,2018
10370,Morgan,morganny@gmail.com,eagle lager,170,250,983,245750,78640,Senegal,northcentral ,June,2019
10371,Jones,jone.ai@yahoo.com,hero,150,200,989,197800,49450,Ghana,Southeast,July,2019
10372,Parent,parentty@uk.com,beta malt,80,150,996,149400,69720,Nigeria,west,August,2018
10373,Kivell,kivel_go@yahoo.com,grand malt,90,150,801,120150,48060,Togo,southsouth,September,2017
10374,Smith,smithMan@yahoo.com,trophy,150,200,857,171400,42850,Benin,northwest,October,2019
10375,Parent,parentty@uk.com,budweiser,250,500,928,464000,232000,Senegal,northeast ,November,2018
10376,Gill,gillhell@uk.com,castle lite,180,450,788,354600,212760,Ghana,northcentral ,December,2019
10377,Smith,smithMan@yahoo.com,eagle lager,170,250,795,198750,63600,Nigeria,Southeast,January,2017
10378,Jones,jone.ai@yahoo.com,hero,150,200,865,173000,43250,Togo,west,February,2019
10379,Sorvino,sorvi2000@gmail.com,beta malt,80,150,798,119700,55860,Benin,southsouth,March,2018
10380,Jardine,jard@gmail.com,grand malt,90,150,728,109200,43680,Senegal,northwest,April,2018
10381,Andrews,andy@gmail.com,trophy,150,200,948,189600,47400,Ghana,northeast ,May,2019
10382,Howard,howard_freeman@yahoo.com,budweiser,250,500,863,431500,215750,Nigeria,northcentral ,June,2017
10383,Gill,gillhell@uk.com,castle lite,180,450,913,410850,246510,Togo,Southeast,July,2019
10384,Gill,gillhell@uk.com,eagle lager,170,250,711,177750,56880,Benin,west,August,2018
10385,Kivell,kivel_go@yahoo.com,hero,150,200,717,143400,35850,Senegal,southsouth,September,2019
10386,Jones,jone.ai@yahoo.com,beta malt,80,150,862,129300,60340,Ghana,northwest,October,2019
10387,Morgan,morganny@gmail.com,grand malt,90,150,703,105450,42180,Nigeria,northeast ,November,2017
10388,Kivell,kivel_go@yahoo.com,trophy,150,200,962,192400,48100,Togo,northcentral ,December,2018
10389,Sorvino,sorvi2000@gmail.com,budweiser,250,500,807,403500,201750,Benin,Southeast,January,2019
10390,Gill,gillhell@uk.com,castle lite,180,450,950,427500,256500,Senegal,west,February,2017
10391,Sorvino,sorvi2000@gmail.com,eagle lager,170,250,949,237250,75920,Ghana,southsouth,March,2017
10392,Thompson,thomp@uk.com,hero,150,200,724,144800,36200,Nigeria,northwest,April,2017
10393,Andrews,andy@gmail.com,beta malt,80,150,717,107550,50190,Togo,northeast ,May,2019
10394,Jardine,jard@gmail.com,grand malt,90,150,933,139950,55980,Benin,northcentral ,June,2017
10395,Jardine,jard@gmail.com,trophy,150,200,930,186000,46500,Senegal,Southeast,July,2018
10396,Andrews,andy@gmail.com,budweiser,250,500,959,479500,239750,Ghana,west,August,2018
10397,Jones,jone.ai@yahoo.com,castle lite,180,450,922,414900,248940,Nigeria,southsouth,September,2017
10398,Morgan,morganny@gmail.com,eagle lager,170,250,957,239250,76560,Togo,northwest,October,2019
10399,Kivell,kivel_go@yahoo.com,hero,150,200,958,191600,47900,Benin,northeast ,November,2018
10400,Sorvino,sorvi2000@gmail.com,beta malt,80,150,784,117600,54880,Senegal,northcentral ,December,2018
10401,Gill,gillhell@uk.com,grand malt,90,150,966,144900,57960,Ghana,Southeast,January,2019
10402,Sorvino,sorvi2000@gmail.com,trophy,150,200,784,156800,39200,Nigeria,west,February,2018
10403,Thompson,thomp@uk.com,budweiser,250,500,998,499000,249500,Togo,southsouth,March,2017
10404,Andrews,andy@gmail.com,castle lite,180,450,951,427950,256770,Benin,northwest,April,2018
10405,Jardine,jard@gmail.com,eagle lager,170,250,973,243250,77840,Senegal,northeast ,May,2019
10406,Jardine,jard@gmail.com,hero,150,200,704,140800,35200,Ghana,northcentral ,June,2017
10407,Andrews,andy@gmail.com,beta malt,80,150,748,112200,52360,Nigeria,Southeast,July,2019
10408,Jardine,jard@gmail.com,grand malt,90,150,972,145800,58320,Togo,west,August,2017
10409,Gill,gillhell@uk.com,trophy,150,200,859,171800,42950,Benin,southsouth,September,2017
10410,Sorvino,sorvi2000@gmail.com,budweiser,250,500,825,412500,206250,Senegal,northwest,October,2017
10411,Jones,jone.ai@yahoo.com,castle lite,180,450,997,448650,269190,Ghana,northeast ,November,2019
10412,Andrews,andy@gmail.com,eagle lager,170,250,789,197250,63120,Nigeria,northcentral ,December,2019
10413,Jardine,jard@gmail.com,hero,150,200,934,186800,46700,Togo,Southeast,January,2019
10414,Thompson,thomp@uk.com,beta malt,80,150,773,115950,54110,Benin,west,February,2017
10415,Jones,jone.ai@yahoo.com,grand malt,90,150,786,117900,47160,Senegal,southsouth,March,2017
10416,Morgan,morganny@gmail.com,trophy,150,200,991,198200,49550,Ghana,northwest,April,2017
10417,Howard,howard_freeman@yahoo.com,budweiser,250,500,886,443000,221500,Nigeria,northeast ,May,2017
10418,Parent,parentty@uk.com,castle lite,180,450,987,444150,266490,Togo,northcentral ,June,2018
10419,Jones,jone.ai@yahoo.com,eagle lager,170,250,772,193000,61760,Benin,Southeast,July,2018
10420,Smith,smithMan@yahoo.com,hero,150,200,760,152000,38000,Senegal,west,August,2018
10421,Jones,jone.ai@yahoo.com,beta malt,80,150,778,116700,54460,Ghana,southsouth,September,2017
10422,Jardine,jard@gmail.com,grand malt,90,150,716,107400,42960,Nigeria,northwest,October,2019
10423,Gill,gillhell@uk.com,trophy,150,200,775,155000,38750,Togo,northeast ,November,2018
10424,Sorvino,sorvi2000@gmail.com,budweiser,250,500,860,430000,215000,Benin,northcentral ,December,2017
10425,Jones,jone.ai@yahoo.com,castle lite,180,450,895,402750,241650,Senegal,Southeast,January,2017
10426,Andrews,andy@gmail.com,eagle lager,170,250,929,232250,74320,Ghana,west,February,2019
10427,Jardine,jard@gmail.com,hero,150,200,759,151800,37950,Nigeria,southsouth,March,2018
10428,Thompson,thomp@uk.com,beta malt,80,150,765,114750,53550,Togo,northwest,April,2017
10429,Jones,jone.ai@yahoo.com,grand malt,90,150,861,129150,51660,Benin,northeast ,May,2019
10430,Morgan,morganny@gmail.com,trophy,150,200,790,158000,39500,Senegal,northcentral ,June,2018
10431,Howard,howard_freeman@yahoo.com,budweiser,250,500,831,415500,207750,Ghana,Southeast,July,2017
10432,Parent,parentty@uk.com,castle lite,180,450,879,395550,237330,Nigeria,west,August,2017
10433,Jones,jone.ai@yahoo.com,eagle lager,170,250,756,189000,60480,Togo,southsouth,September,2017
10434,Smith,smithMan@yahoo.com,hero,150,200,888,177600,44400,Benin,northwest,October,2017
10435,Jones,jone.ai@yahoo.com,beta malt,80,150,859,128850,60130,Senegal,northeast ,November,2017
10436,Morgan,morganny@gmail.com,grand malt,90,150,761,114150,45660,Ghana,northcentral ,December,2018
10437,Jones,jone.ai@yahoo.com,trophy,150,200,989,197800,49450,Nigeria,Southeast,January,2018
10438,Parent,parentty@uk.com,budweiser,250,500,824,412000,206000,Togo,west,February,2018
10439,Kivell,kivel_go@yahoo.com,castle lite,180,450,775,348750,209250,Benin,southsouth,March,2018
10440,Smith,smithMan@yahoo.com,eagle lager,170,250,980,245000,78400,Senegal,northwest,April,2017
10441,Parent,parentty@uk.com,hero,150,200,828,165600,41400,Ghana,northeast ,May,2019
10442,Gill,gillhell@uk.com,beta malt,80,150,711,106650,49770,Nigeria,northcentral ,June,2019
10443,Smith,smithMan@yahoo.com,grand malt,90,150,817,122550,49020,Togo,Southeast,July,2018
10444,Jones,jone.ai@yahoo.com,trophy,150,200,829,165800,41450,Benin,west,August,2018
10445,Sorvino,sorvi2000@gmail.com,budweiser,250,500,872,436000,218000,Senegal,southsouth,September,2018
10446,Jardine,jard@gmail.com,castle lite,180,450,715,321750,193050,Ghana,northwest,October,2018
10447,Andrews,andy@gmail.com,eagle lager,170,250,939,234750,75120,Nigeria,northeast ,November,2019
10448,Howard,howard_freeman@yahoo.com,hero,150,200,891,178200,44550,Togo,northcentral ,December,2017
10449,Gill,gillhell@uk.com,beta malt,80,150,736,110400,51520,Benin,Southeast,January,2018
10450,Gill,gillhell@uk.com,grand malt,90,150,797,119550,47820,Senegal,west,February,2017
10451,Kivell,kivel_go@yahoo.com,trophy,150,200,913,182600,45650,Ghana,southsouth,March,2017
10452,Jones,jone.ai@yahoo.com,budweiser,250,500,710,355000,177500,Nigeria,northwest,April,2017
10453,Morgan,morganny@gmail.com,castle lite,180,450,832,374400,224640,Togo,northeast ,May,2019
10454,Kivell,kivel_go@yahoo.com,eagle lager,170,250,952,238000,76160,Benin,northcentral ,June,2019
10455,Sorvino,sorvi2000@gmail.com,hero,150,200,967,193400,48350,Senegal,Southeast,July,2017
10456,Gill,gillhell@uk.com,beta malt,80,150,879,131850,61530,Ghana,west,August,2018
10457,Sorvino,sorvi2000@gmail.com,grand malt,90,150,705,105750,42300,Nigeria,southsouth,September,2018
10458,Thompson,thomp@uk.com,trophy,150,200,878,175600,43900,Togo,northwest,October,2018
10459,Andrews,andy@gmail.com,budweiser,250,500,903,451500,225750,Benin,northeast ,November,2018
10460,Jardine,jard@gmail.com,castle lite,180,450,791,355950,213570,Senegal,northcentral ,December,2018
10461,Jardine,jard@gmail.com,eagle lager,170,250,895,223750,71600,Ghana,Southeast,January,2018
10462,Andrews,andy@gmail.com,hero,150,200,759,151800,37950,Nigeria,west,February,2018
10463,Jardine,jard@gmail.com,beta malt,80,150,790,118500,55300,Togo,southsouth,March,2017
10464,Gill,gillhell@uk.com,grand malt,90,150,722,108300,43320,Benin,northwest,April,2017
10465,Sorvino,sorvi2000@gmail.com,trophy,150,200,888,177600,44400,Senegal,northeast ,May,2019
10466,Jones,jone.ai@yahoo.com,budweiser,250,500,849,424500,212250,Ghana,northcentral ,June,2018
10467,Andrews,andy@gmail.com,castle lite,180,450,736,331200,198720,Nigeria,Southeast,July,2018
10468,Jardine,jard@gmail.com,eagle lager,170,250,843,210750,67440,Togo,west,August,2019
10469,Thompson,thomp@uk.com,hero,150,200,999,199800,49950,Benin,southsouth,September,2018
10470,Jones,jone.ai@yahoo.com,beta malt,80,150,996,149400,69720,Senegal,northwest,October,2018
10471,Morgan,morganny@gmail.com,grand malt,90,150,718,107700,43080,Ghana,northeast ,November,2017
10472,Howard,howard_freeman@yahoo.com,trophy,150,200,700,140000,35000,Nigeria,northcentral ,December,2017
10473,Parent,parentty@uk.com,budweiser,250,500,827,413500,206750,Togo,Southeast,January,2018
10474,Jones,jone.ai@yahoo.com,castle lite,180,450,755,339750,203850,Benin,west,February,2018
10475,Smith,smithMan@yahoo.com,eagle lager,170,250,803,200750,64240,Senegal,southsouth,March,2019
10476,Jones,jone.ai@yahoo.com,hero,150,200,731,146200,36550,Ghana,northwest,April,2019
10477,Morgan,morganny@gmail.com,beta malt,80,150,910,136500,63700,Nigeria,northeast ,May,2019
10478,Jones,jone.ai@yahoo.com,grand malt,90,150,747,112050,44820,Togo,northcentral ,June,2017
10479,Parent,parentty@uk.com,trophy,150,200,994,198800,49700,Benin,Southeast,July,2017
10480,Kivell,kivel_go@yahoo.com,budweiser,250,500,982,491000,245500,Senegal,west,August,2017
10481,Smith,smithMan@yahoo.com,castle lite,180,450,958,431100,258660,Ghana,southsouth,September,2017
10482,Parent,parentty@uk.com,eagle lager,170,250,943,235750,75440,Nigeria,northwest,October,2017
10483,Gill,gillhell@uk.com,hero,150,200,946,189200,47300,Togo,northeast ,November,2019
10484,Smith,smithMan@yahoo.com,beta malt,80,150,852,127800,59640,Benin,northcentral ,December,2017
10485,Jones,jone.ai@yahoo.com,grand malt,90,150,960,144000,57600,Senegal,Southeast,January,2018
10486,Sorvino,sorvi2000@gmail.com,trophy,150,200,992,198400,49600,Ghana,west,February,2019
10487,Jardine,jard@gmail.com,budweiser,250,500,960,480000,240000,Nigeria,southsouth,March,2017
10488,Andrews,andy@gmail.com,castle lite,180,450,842,378900,227340,Togo,northwest,April,2018
10489,Howard,howard_freeman@yahoo.com,eagle lager,170,250,750,187500,60000,Benin,northeast ,May,2018
10490,Gill,gillhell@uk.com,hero,150,200,796,159200,39800,Senegal,northcentral ,June,2018
10491,Gill,gillhell@uk.com,beta malt,80,150,944,141600,66080,Ghana,Southeast,July,2018
10492,Kivell,kivel_go@yahoo.com,grand malt,90,150,854,128100,51240,Nigeria,west,August,2019
10493,Jones,jone.ai@yahoo.com,trophy,150,200,926,185200,46300,Togo,southsouth,September,2019
10494,Morgan,morganny@gmail.com,budweiser,250,500,808,404000,202000,Benin,northwest,October,2017
10495,Kivell,kivel_go@yahoo.com,castle lite,180,450,883,397350,238410,Senegal,northeast ,November,2019
10496,Sorvino,sorvi2000@gmail.com,eagle lager,170,250,958,239500,76640,Ghana,northcentral ,December,2019
10497,Gill,gillhell@uk.com,hero,150,200,984,196800,49200,Nigeria,Southeast,January,2019
10498,Sorvino,sorvi2000@gmail.com,beta malt,80,150,765,114750,53550,Togo,west,February,2017
10499,Thompson,thomp@uk.com,grand malt,90,150,956,143400,57360,Benin,southsouth,March,2017
10500,Andrews,andy@gmail.com,trophy,150,200,931,186200,46550,Senegal,northwest,April,2019
10501,Jardine,jard@gmail.com,budweiser,250,500,718,359000,179500,Ghana,northeast ,May,2018
10502,Jardine,jard@gmail.com,castle lite,180,450,776,349200,209520,Nigeria,northcentral ,June,2018
10503,Andrews,andy@gmail.com,eagle lager,170,250,836,209000,66880,Togo,Southeast,July,2018
10504,Jones,jone.ai@yahoo.com,hero,150,200,730,146000,36500,Benin,west,August,2017
10505,Morgan,morganny@gmail.com,beta malt,80,150,741,111150,51870,Senegal,southsouth,September,2017
10506,Kivell,kivel_go@yahoo.com,grand malt,90,150,982,147300,58920,Ghana,northwest,October,2019
10507,Sorvino,sorvi2000@gmail.com,trophy,150,200,724,144800,36200,Nigeria,northeast ,November,2019
10508,Gill,gillhell@uk.com,budweiser,250,500,906,453000,226500,Togo,northcentral ,December,2018
10509,Sorvino,sorvi2000@gmail.com,castle lite,180,450,907,408150,244890,Benin,Southeast,January,2018
10510,Thompson,thomp@uk.com,eagle lager,170,250,712,178000,56960,Senegal,west,February,2019
10511,Andrews,andy@gmail.com,hero,150,200,859,171800,42950,Ghana,southsouth,March,2018
10512,Jardine,jard@gmail.com,beta malt,80,150,770,115500,53900,Nigeria,northwest,April,2018
10513,Jardine,jard@gmail.com,grand malt,90,150,775,116250,46500,Togo,northeast ,May,2019
10514,Andrews,andy@gmail.com,trophy,150,200,820,164000,41000,Benin,northcentral ,June,2019
10515,Jardine,jard@gmail.com,budweiser,250,500,833,416500,208250,Senegal,Southeast,July,2018
10516,Gill,gillhell@uk.com,castle lite,180,450,735,330750,198450,Ghana,west,August,2017
10517,Sorvino,sorvi2000@gmail.com,eagle lager,170,250,884,221000,70720,Nigeria,southsouth,September,2017
10518,Jones,jone.ai@yahoo.com,hero,150,200,888,177600,44400,Togo,northwest,October,2019
10519,Andrews,andy@gmail.com,beta malt,80,150,756,113400,52920,Benin,northeast ,November,2017
10520,Jardine,jard@gmail.com,grand malt,90,150,787,118050,47220,Senegal,northcentral ,December,2019
10521,Thompson,thomp@uk.com,trophy,150,200,804,160800,40200,Ghana,Southeast,January,2018
10522,Jones,jone.ai@yahoo.com,budweiser,250,500,986,493000,246500,Nigeria,west,February,2018
10523,Morgan,morganny@gmail.com,castle lite,180,450,856,385200,231120,Togo,southsouth,March,2018
10524,Howard,howard_freeman@yahoo.com,eagle lager,170,250,835,208750,66800,Benin,northwest,April,2018
10525,Parent,parentty@uk.com,hero,150,200,938,187600,46900,Senegal,northeast ,May,2018
10526,Jones,jone.ai@yahoo.com,beta malt,80,150,719,107850,50330,Ghana,northcentral ,June,2018
10527,Smith,smithMan@yahoo.com,grand malt,90,150,868,130200,52080,Nigeria,Southeast,July,2017
10528,Jones,jone.ai@yahoo.com,trophy,150,200,885,177000,44250,Togo,west,August,2018
10529,Jardine,jard@gmail.com,budweiser,250,500,943,471500,235750,Benin,southsouth,September,2018
10530,Gill,gillhell@uk.com,castle lite,180,450,900,405000,243000,Senegal,northwest,October,2017
10531,Sorvino,sorvi2000@gmail.com,eagle lager,170,250,950,237500,76000,Ghana,northeast ,November,2019
10532,Jones,jone.ai@yahoo.com,hero,150,200,742,148400,37100,Nigeria,northcentral ,December,2017
10533,Andrews,andy@gmail.com,beta malt,80,150,889,133350,62230,Togo,Southeast,January,2018
10534,Jardine,jard@gmail.com,grand malt,90,150,939,140850,56340,Benin,west,February,2018
10535,Thompson,thomp@uk.com,trophy,150,200,950,190000,47500,Senegal,southsouth,March,2018
10536,Jones,jone.ai@yahoo.com,budweiser,250,500,745,372500,186250,Ghana,northwest,April,2018
10537,Morgan,morganny@gmail.com,castle lite,180,450,933,419850,251910,Nigeria,northeast ,May,2017
10538,Howard,howard_freeman@yahoo.com,eagle lager,170,250,826,206500,66080,Togo,northcentral ,June,2017
10539,Parent,parentty@uk.com,hero,150,200,989,197800,49450,Benin,Southeast,July,2017
10540,Jones,jone.ai@yahoo.com,beta malt,80,150,881,132150,61670,Senegal,west,August,2019
10541,Smith,smithMan@yahoo.com,grand malt,90,150,768,115200,46080,Ghana,southsouth,September,2019
10542,Jones,jone.ai@yahoo.com,trophy,150,200,844,168800,42200,Nigeria,northwest,October,2018
10543,Morgan,morganny@gmail.com,budweiser,250,500,790,395000,197500,Togo,northeast ,November,2017
10544,Jones,jone.ai@yahoo.com,castle lite,180,450,898,404100,242460,Benin,northcentral ,December,2018
10545,Parent,parentty@uk.com,eagle lager,170,250,818,204500,65440,Senegal,Southeast,January,2018
10546,Kivell,kivel_go@yahoo.com,hero,150,200,707,141400,35350,Ghana,west,February,2018
10547,Smith,smithMan@yahoo.com,beta malt,80,150,712,106800,49840,Nigeria,southsouth,March,2017
10548,Parent,parentty@uk.com,grand malt,90,150,991,148650,59460,Togo,northwest,April,2018
10549,Gill,gillhell@uk.com,trophy,150,200,900,180000,45000,Benin,northeast ,May,2019
10550,Smith,smithMan@yahoo.com,budweiser,250,500,810,405000,202500,Senegal,northcentral ,June,2019
10551,Jones,jone.ai@yahoo.com,castle lite,180,450,740,333000,199800,Ghana,Southeast,July,2019
10552,Sorvino,sorvi2000@gmail.com,eagle lager,170,250,909,227250,72720,Nigeria,west,August,2017
10553,Jardine,jard@gmail.com,hero,150,200,824,164800,41200,Togo,southsouth,September,2018
10554,Andrews,andy@gmail.com,beta malt,80,150,809,121350,56630,Benin,northwest,October,2017
10555,Howard,howard_freeman@yahoo.com,grand malt,90,150,819,122850,49140,Senegal,northeast ,November,2018
10556,Gill,gillhell@uk.com,trophy,150,200,865,173000,43250,Ghana,northcentral ,December,2019
10557,Gill,gillhell@uk.com,budweiser,250,500,902,451000,225500,Nigeria,Southeast,January,2019
10558,Kivell,kivel_go@yahoo.com,castle lite,180,450,796,358200,214920,Togo,west,February,2017
10559,Jones,jone.ai@yahoo.com,eagle lager,170,250,916,229000,73280,Benin,southsouth,March,2018
10560,Morgan,morganny@gmail.com,hero,150,200,982,196400,49100,Senegal,northwest,April,2017
10561,Kivell,kivel_go@yahoo.com,beta malt,80,150,734,110100,51380,Ghana,northeast ,May,2018
10562,Sorvino,sorvi2000@gmail.com,grand malt,90,150,735,110250,44100,Nigeria,northcentral ,June,2019
10563,Gill,gillhell@uk.com,trophy,150,200,747,149400,37350,Togo,Southeast,July,2017
10564,Sorvino,sorvi2000@gmail.com,budweiser,250,500,798,399000,199500,Benin,west,August,2018
10565,Thompson,thomp@uk.com,castle lite,180,450,829,373050,223830,Senegal,southsouth,September,2017
10566,Andrews,andy@gmail.com,eagle lager,170,250,729,182250,58320,Ghana,northwest,October,2017
10567,Jardine,jard@gmail.com,hero,150,200,721,144200,36050,Nigeria,northeast ,November,2019
10568,Jardine,jard@gmail.com,beta malt,80,150,709,106350,49630,Togo,northcentral ,December,2018
10569,Andrews,andy@gmail.com,grand malt,90,150,719,107850,43140,Benin,Southeast,January,2017
10570,Jardine,jard@gmail.com,trophy,150,200,875,175000,43750,Senegal,west,February,2018
10571,Gill,gillhell@uk.com,budweiser,250,500,762,381000,190500,Ghana,southsouth,March,2017
10572,Sorvino,sorvi2000@gmail.com,castle lite,180,450,964,433800,260280,Nigeria,northwest,April,2017
10573,Jones,jone.ai@yahoo.com,eagle lager,170,250,931,232750,74480,Togo,northeast ,May,2018
10574,Andrews,andy@gmail.com,hero,150,200,766,153200,38300,Benin,northcentral ,June,2019
10575,Jardine,jard@gmail.com,beta malt,80,150,746,111900,52220,Senegal,Southeast,July,2018
10576,Thompson,thomp@uk.com,grand malt,90,150,942,141300,56520,Ghana,west,August,2017
10577,Jones,jone.ai@yahoo.com,trophy,150,200,724,144800,36200,Nigeria,southsouth,September,2019
10578,Morgan,morganny@gmail.com,budweiser,250,500,887,443500,221750,Togo,northwest,October,2018
10579,Howard,howard_freeman@yahoo.com,castle lite,180,450,703,316350,189810,Benin,northeast ,November,2017
10580,Parent,parentty@uk.com,eagle lager,170,250,930,232500,74400,Senegal,northcentral ,December,2018
10581,Jones,jone.ai@yahoo.com,hero,150,200,867,173400,43350,Ghana,Southeast,January,2017
10582,Smith,smithMan@yahoo.com,beta malt,80,150,853,127950,59710,Nigeria,west,February,2018
10583,Jones,jone.ai@yahoo.com,grand malt,90,150,794,119100,47640,Togo,southsouth,March,2018
10584,Morgan,morganny@gmail.com,trophy,150,200,974,194800,48700,Benin,northwest,April,2018
10585,Jones,jone.ai@yahoo.com,budweiser,250,500,778,389000,194500,Senegal,northeast ,May,2019
10586,Parent,parentty@uk.com,castle lite,180,450,939,422550,253530,Ghana,northcentral ,June,2018
10587,Kivell,kivel_go@yahoo.com,eagle lager,170,250,763,190750,61040,Nigeria,Southeast,July,2017
10588,Smith,smithMan@yahoo.com,hero,150,200,970,194000,48500,Togo,west,August,2019
10589,Parent,parentty@uk.com,beta malt,80,150,808,121200,56560,Benin,southsouth,September,2017
10590,Gill,gillhell@uk.com,grand malt,90,150,952,142800,57120,Senegal,northwest,October,2019
10591,Smith,smithMan@yahoo.com,trophy,150,200,918,183600,45900,Ghana,northeast ,November,2019
10592,Jones,jone.ai@yahoo.com,budweiser,250,500,934,467000,233500,Nigeria,northcentral ,December,2018
10593,Sorvino,sorvi2000@gmail.com,castle lite,180,450,753,338850,203310,Togo,Southeast,January,2019
10594,Jardine,jard@gmail.com,eagle lager,170,250,740,185000,59200,Benin,west,February,2018
10595,Andrews,andy@gmail.com,hero,150,200,829,165800,41450,Senegal,southsouth,March,2018
10596,Howard,howard_freeman@yahoo.com,beta malt,80,150,977,146550,68390,Ghana,northwest,April,2018
10597,Gill,gillhell@uk.com,grand malt,90,150,968,145200,58080,Nigeria,northeast ,May,2018
10598,Gill,gillhell@uk.com,trophy,150,200,797,159400,39850,Togo,northcentral ,June,2017
10599,Kivell,kivel_go@yahoo.com,budweiser,250,500,926,463000,231500,Benin,Southeast,July,2018
10600,Jones,jone.ai@yahoo.com,castle lite,180,450,925,416250,249750,Senegal,west,August,2019
10601,Morgan,morganny@gmail.com,eagle lager,170,250,911,227750,72880,Ghana,southsouth,September,2017
10602,Kivell,kivel_go@yahoo.com,hero,150,200,709,141800,35450,Nigeria,northwest,October,2017
10603,Sorvino,sorvi2000@gmail.com,beta malt,80,150,791,118650,55370,Togo,northeast ,November,2019
10604,Gill,gillhell@uk.com,grand malt,90,150,702,105300,42120,Benin,northcentral ,December,2018
10605,Sorvino,sorvi2000@gmail.com,trophy,150,200,922,184400,46100,Senegal,Southeast,January,2017
10606,Thompson,thomp@uk.com,budweiser,250,500,957,478500,239250,Ghana,west,February,2019
10607,Andrews,andy@gmail.com,castle lite,180,450,811,364950,218970,Nigeria,southsouth,March,2017
10608,Jardine,jard@gmail.com,eagle lager,170,250,776,194000,62080,Togo,northwest,April,2018
10609,Jardine,jard@gmail.com,hero,150,200,998,199600,49900,Benin,northeast ,May,2018
10610,Andrews,andy@gmail.com,beta malt,80,150,872,130800,61040,Senegal,northcentral ,June,2017
10611,Jones,jone.ai@yahoo.com,grand malt,90,150,763,114450,45780,Ghana,Southeast,July,2019
10612,Morgan,morganny@gmail.com,trophy,150,200,822,164400,41100,Nigeria,west,August,2017
10613,Kivell,kivel_go@yahoo.com,budweiser,250,500,721,360500,180250,Togo,southsouth,September,2018
10614,Sorvino,sorvi2000@gmail.com,castle lite,180,450,890,400500,240300,Benin,northwest,October,2017
10615,Gill,gillhell@uk.com,eagle lager,170,250,860,215000,68800,Senegal,northeast ,November,2019
10616,Sorvino,sorvi2000@gmail.com,hero,150,200,824,164800,41200,Ghana,northcentral ,December,2017
10617,Thompson,thomp@uk.com,beta malt,80,150,916,137400,64120,Nigeria,Southeast,January,2017
10618,Andrews,andy@gmail.com,grand malt,90,150,855,128250,51300,Togo,west,February,2019
10619,Jardine,jard@gmail.com,trophy,150,200,715,143000,35750,Benin,southsouth,March,2018
10620,Jardine,jard@gmail.com,budweiser,250,500,940,470000,235000,Senegal,northwest,April,2019
10621,Andrews,andy@gmail.com,castle lite,180,450,847,381150,228690,Ghana,northeast ,May,2019
10622,Jardine,jard@gmail.com,eagle lager,170,250,889,222250,71120,Nigeria,northcentral ,June,2017
10623,Gill,gillhell@uk.com,hero,150,200,928,185600,46400,Togo,Southeast,July,2019
10624,Sorvino,sorvi2000@gmail.com,beta malt,80,150,943,141450,66010,Benin,west,August,2019
10625,Jones,jone.ai@yahoo.com,grand malt,90,150,716,107400,42960,Senegal,southsouth,September,2018
10626,Andrews,andy@gmail.com,trophy,150,200,757,151400,37850,Ghana,northwest,October,2018
10627,Jardine,jard@gmail.com,budweiser,250,500,795,397500,198750,Nigeria,northeast ,November,2017
10628,Thompson,thomp@uk.com,castle lite,180,450,940,423000,253800,Togo,northcentral ,December,2019
10629,Jones,jone.ai@yahoo.com,eagle lager,170,250,899,224750,71920,Benin,Southeast,January,2019
10630,Morgan,morganny@gmail.com,hero,150,200,907,181400,45350,Senegal,west,February,2018
10631,Howard,howard_freeman@yahoo.com,beta malt,80,150,929,139350,65030,Ghana,southsouth,March,2019
10632,Parent,parentty@uk.com,grand malt,90,150,790,118500,47400,Nigeria,northwest,April,2018
10633,Jones,jone.ai@yahoo.com,trophy,150,200,939,187800,46950,Togo,northeast ,May,2018
10634,Smith,smithMan@yahoo.com,budweiser,250,500,720,360000,180000,Benin,northcentral ,June,2019
10635,Jones,jone.ai@yahoo.com,castle lite,180,450,745,335250,201150,Senegal,Southeast,July,2018
10636,Jardine,jard@gmail.com,eagle lager,170,250,846,211500,67680,Ghana,west,August,2017
10637,Gill,gillhell@uk.com,hero,150,200,937,187400,46850,Nigeria,southsouth,September,2018
10638,Sorvino,sorvi2000@gmail.com,beta malt,80,150,874,131100,61180,Togo,northwest,October,2018
10639,Jones,jone.ai@yahoo.com,grand malt,90,150,822,123300,49320,Benin,northeast ,November,2018
10640,Andrews,andy@gmail.com,trophy,150,200,737,147400,36850,Senegal,northcentral ,December,2017
10641,Jardine,jard@gmail.com,budweiser,250,500,759,379500,189750,Ghana,Southeast,January,2018
10642,Thompson,thomp@uk.com,castle lite,180,450,877,394650,236790,Nigeria,west,February,2018
10643,Jones,jone.ai@yahoo.com,eagle lager,170,250,874,218500,69920,Togo,southsouth,March,2017
10644,Morgan,morganny@gmail.com,hero,150,200,763,152600,38150,Benin,northwest,April,2018
10645,Howard,howard_freeman@yahoo.com,beta malt,80,150,793,118950,55510,Senegal,northeast ,May,2018
10646,Parent,parentty@uk.com,grand malt,90,150,937,140550,56220,Ghana,northcentral ,June,2019
10647,Jones,jone.ai@yahoo.com,trophy,150,200,865,173000,43250,Nigeria,Southeast,July,2018
10648,Smith,smithMan@yahoo.com,budweiser,250,500,942,471000,235500,Togo,west,August,2019
10649,Jones,jone.ai@yahoo.com,castle lite,180,450,815,366750,220050,Benin,southsouth,September,2017
10650,Morgan,morganny@gmail.com,eagle lager,170,250,958,239500,76640,Senegal,northwest,October,2019
10651,Jones,jone.ai@yahoo.com,hero,150,200,869,173800,43450,Ghana,northeast ,November,2018
10652,Parent,parentty@uk.com,beta malt,80,150,750,112500,52500,Nigeria,northcentral ,December,2018
10653,Kivell,kivel_go@yahoo.com,grand malt,90,150,702,105300,42120,Togo,Southeast,January,2017
10654,Smith,smithMan@yahoo.com,trophy,150,200,917,183400,45850,Benin,west,February,2019
10655,Parent,parentty@uk.com,budweiser,250,500,914,457000,228500,Senegal,southsouth,March,2019
10656,Gill,gillhell@uk.com,castle lite,180,450,817,367650,220590,Ghana,northwest,April,2018
10657,Smith,smithMan@yahoo.com,eagle lager,170,250,913,228250,73040,Nigeria,northeast ,May,2018
10658,Jones,jone.ai@yahoo.com,hero,150,200,705,141000,35250,Togo,northcentral ,June,2018
10659,Sorvino,sorvi2000@gmail.com,beta malt,80,150,964,144600,67480,Benin,Southeast,July,2017
10660,Jardine,jard@gmail.com,grand malt,90,150,891,133650,53460,Senegal,west,August,2017
10661,Andrews,andy@gmail.com,trophy,150,200,977,195400,48850,Ghana,southsouth,September,2019
10662,Howard,howard_freeman@yahoo.com,budweiser,250,500,948,474000,237000,Nigeria,northwest,October,2019
10663,Gill,gillhell@uk.com,castle lite,180,450,751,337950,202770,Togo,northeast ,November,2017
10664,Gill,gillhell@uk.com,eagle lager,170,250,827,206750,66160,Benin,northcentral ,December,2017
10665,Kivell,kivel_go@yahoo.com,hero,150,200,943,188600,47150,Senegal,Southeast,January,2019
10666,Jones,jone.ai@yahoo.com,beta malt,80,150,901,135150,63070,Ghana,west,February,2019
10667,Morgan,morganny@gmail.com,grand malt,90,150,907,136050,54420,Nigeria,southsouth,March,2019
10668,Kivell,kivel_go@yahoo.com,trophy,150,200,755,151000,37750,Togo,northwest,April,2018
10669,Sorvino,sorvi2000@gmail.com,budweiser,250,500,802,401000,200500,Benin,northeast ,May,2017
10670,Gill,gillhell@uk.com,castle lite,180,450,919,413550,248130,Senegal,northcentral ,June,2019
10671,Sorvino,sorvi2000@gmail.com,eagle lager,170,250,824,206000,65920,Ghana,Southeast,July,2017
10672,Thompson,thomp@uk.com,hero,150,200,730,146000,36500,Nigeria,west,August,2017
10673,Andrews,andy@gmail.com,beta malt,80,150,798,119700,55860,Togo,southsouth,September,2018
10674,Jardine,jard@gmail.com,grand malt,90,150,811,121650,48660,Benin,northwest,October,2018
10675,Jardine,jard@gmail.com,trophy,150,200,912,182400,45600,Senegal,northeast ,November,2018
10676,Andrews,andy@gmail.com,budweiser,250,500,836,418000,209000,Ghana,northcentral ,December,2017
10677,Jardine,jard@gmail.com,castle lite,180,450,953,428850,257310,Nigeria,Southeast,January,2018
10678,Gill,gillhell@uk.com,eagle lager,170,250,908,227000,72640,Togo,west,February,2018
10679,Sorvino,sorvi2000@gmail.com,hero,150,200,859,171800,42950,Benin,southsouth,March,2019
10680,Jones,jone.ai@yahoo.com,beta malt,80,150,928,139200,64960,Senegal,northwest,April,2017
10681,Andrews,andy@gmail.com,grand malt,90,150,716,107400,42960,Ghana,northeast ,May,2019
10682,Jardine,jard@gmail.com,trophy,150,200,946,189200,47300,Nigeria,northcentral ,June,2017
10683,Thompson,thomp@uk.com,budweiser,250,500,913,456500,228250,Togo,Southeast,July,2018
10684,Jones,jone.ai@yahoo.com,castle lite,180,450,947,426150,255690,Benin,west,August,2019
10685,Morgan,morganny@gmail.com,eagle lager,170,250,743,185750,59440,Senegal,southsouth,September,2018
10686,Howard,howard_freeman@yahoo.com,hero,150,200,788,157600,39400,Ghana,northwest,October,2018
10687,Parent,parentty@uk.com,beta malt,80,150,810,121500,56700,Nigeria,northeast ,November,2017
10688,Jones,jone.ai@yahoo.com,grand malt,90,150,784,117600,47040,Togo,northcentral ,December,2018
10689,Smith,smithMan@yahoo.com,trophy,150,200,813,162600,40650,Benin,Southeast,January,2017
10690,Jones,jone.ai@yahoo.com,budweiser,250,500,998,499000,249500,Senegal,west,February,2017
10691,Morgan,morganny@gmail.com,castle lite,180,450,889,400050,240030,Ghana,southsouth,March,2018
10692,Jones,jone.ai@yahoo.com,eagle lager,170,250,783,195750,62640,Nigeria,northwest,April,2019
10693,Parent,parentty@uk.com,hero,150,200,866,173200,43300,Togo,northeast ,May,2017
10694,Kivell,kivel_go@yahoo.com,beta malt,80,150,840,126000,58800,Benin,northcentral ,June,2018
10695,Smith,smithMan@yahoo.com,grand malt,90,150,905,135750,54300,Senegal,Southeast,July,2017
10696,Parent,parentty@uk.com,trophy,150,200,814,162800,40700,Ghana,west,August,2019
10697,Gill,gillhell@uk.com,budweiser,250,500,878,439000,219500,Nigeria,southsouth,September,2018
10698,Smith,smithMan@yahoo.com,castle lite,180,450,819,368550,221130,Togo,northwest,October,2018
10699,Jones,jone.ai@yahoo.com,eagle lager,170,250,899,224750,71920,Benin,northeast ,November,2019
10700,Sorvino,sorvi2000@gmail.com,hero,150,200,897,179400,44850,Senegal,northcentral ,December,2019
10701,Jardine,jard@gmail.com,beta malt,80,150,753,112950,52710,Ghana,Southeast,January,2017
10702,Andrews,andy@gmail.com,grand malt,90,150,781,117150,46860,Nigeria,west,February,2018
10703,Howard,howard_freeman@yahoo.com,trophy,150,200,911,182200,45550,Togo,southsouth,March,2018
10704,Gill,gillhell@uk.com,budweiser,250,500,730,365000,182500,Benin,northwest,April,2018
10705,Gill,gillhell@uk.com,castle lite,180,450,912,410400,246240,Senegal,northeast ,May,2017
10706,Kivell,kivel_go@yahoo.com,eagle lager,170,250,755,188750,60400,Ghana,northcentral ,June,2019
10707,Jones,jone.ai@yahoo.com,hero,150,200,981,196200,49050,Nigeria,Southeast,July,2018
10708,Morgan,morganny@gmail.com,beta malt,80,150,914,137100,63980,Togo,west,August,2018
10709,Kivell,kivel_go@yahoo.com,grand malt,90,150,705,105750,42300,Benin,southsouth,September,2019
10710,Sorvino,sorvi2000@gmail.com,trophy,150,200,774,154800,38700,Senegal,northwest,October,2018
10711,Gill,gillhell@uk.com,budweiser,250,500,748,374000,187000,Ghana,northeast ,November,2017
10712,Sorvino,sorvi2000@gmail.com,castle lite,180,450,807,363150,217890,Nigeria,northcentral ,December,2018
10713,Thompson,thomp@uk.com,eagle lager,170,250,877,219250,70160,Togo,Southeast,January,2018
10714,Andrews,andy@gmail.com,hero,150,200,965,193000,48250,Benin,west,February,2017
10715,Jardine,jard@gmail.com,beta malt,80,150,728,109200,50960,Senegal,southsouth,March,2017
10716,Jardine,jard@gmail.com,grand malt,90,150,792,118800,47520,Ghana,northwest,April,2017
10717,Andrews,andy@gmail.com,trophy,150,200,878,175600,43900,Nigeria,northeast ,May,2017
10718,Jones,jone.ai@yahoo.com,budweiser,250,500,886,443000,221500,Togo,northcentral ,June,2017
10719,Morgan,morganny@gmail.com,castle lite,180,450,995,447750,268650,Benin,Southeast,July,2017
10720,Kivell,kivel_go@yahoo.com,eagle lager,170,250,851,212750,68080,Senegal,west,August,2019
10721,Sorvino,sorvi2000@gmail.com,hero,150,200,866,173200,43300,Ghana,southsouth,September,2017
10722,Gill,gillhell@uk.com,beta malt,80,150,987,148050,69090,Nigeria,northwest,October,2017
10723,Sorvino,sorvi2000@gmail.com,grand malt,90,150,776,116400,46560,Togo,northeast ,November,2019
10724,Thompson,thomp@uk.com,trophy,150,200,969,193800,48450,Benin,northcentral ,December,2017
10725,Andrews,andy@gmail.com,budweiser,250,500,718,359000,179500,Senegal,Southeast,January,2017
10726,Jardine,jard@gmail.com,castle lite,180,450,787,354150,212490,Ghana,west,February,2018
10727,Jardine,jard@gmail.com,eagle lager,170,250,901,225250,72080,Nigeria,southsouth,March,2018
10728,Andrews,andy@gmail.com,hero,150,200,736,147200,36800,Togo,northwest,April,2018
10729,Jardine,jard@gmail.com,beta malt,80,150,710,106500,49700,Benin,northeast ,May,2017
10730,Gill,gillhell@uk.com,grand malt,90,150,719,107850,43140,Senegal,northcentral ,June,2019
10731,Sorvino,sorvi2000@gmail.com,trophy,150,200,738,147600,36900,Ghana,Southeast,July,2017
10732,Jones,jone.ai@yahoo.com,budweiser,250,500,884,442000,221000,Nigeria,west,August,2019
10733,Andrews,andy@gmail.com,castle lite,180,450,772,347400,208440,Togo,southsouth,September,2017
10734,Jardine,jard@gmail.com,eagle lager,170,250,762,190500,60960,Benin,northwest,October,2017
10735,Thompson,thomp@uk.com,hero,150,200,830,166000,41500,Senegal,northeast ,November,2018
10736,Jones,jone.ai@yahoo.com,beta malt,80,150,995,149250,69650,Ghana,northcentral ,December,2018
10737,Morgan,morganny@gmail.com,grand malt,90,150,812,121800,48720,Nigeria,Southeast,January,2019
10738,Howard,howard_freeman@yahoo.com,trophy,150,200,993,198600,49650,Togo,west,February,2018
10739,Parent,parentty@uk.com,budweiser,250,500,941,470500,235250,Benin,southsouth,March,2017
10740,Jones,jone.ai@yahoo.com,castle lite,180,450,703,316350,189810,Senegal,northwest,April,2019
10741,Smith,smithMan@yahoo.com,eagle lager,170,250,834,208500,66720,Ghana,northeast ,May,2019
10742,Jones,jone.ai@yahoo.com,hero,150,200,843,168600,42150,Nigeria,northcentral ,June,2019
10743,Jardine,jard@gmail.com,beta malt,80,150,749,112350,52430,Togo,Southeast,July,2019
10744,Gill,gillhell@uk.com,grand malt,90,150,859,128850,51540,Benin,west,August,2017
10745,Sorvino,sorvi2000@gmail.com,trophy,150,200,962,192400,48100,Senegal,southsouth,September,2017
10746,Jones,jone.ai@yahoo.com,budweiser,250,500,816,408000,204000,Ghana,northwest,October,2019
10747,Andrews,andy@gmail.com,castle lite,180,450,989,445050,267030,Nigeria,northeast ,November,2017
10748,Jardine,jard@gmail.com,eagle lager,170,250,702,175500,56160,Togo,northcentral ,December,2018
10749,Thompson,thomp@uk.com,hero,150,200,830,166000,41500,Benin,Southeast,January,2018
10750,Jones,jone.ai@yahoo.com,beta malt,80,150,710,106500,49700,Senegal,west,February,2018
10751,Morgan,morganny@gmail.com,grand malt,90,150,708,106200,42480,Ghana,southsouth,March,2018
10752,Howard,howard_freeman@yahoo.com,trophy,150,200,816,163200,40800,Nigeria,northwest,April,2019
10753,Parent,parentty@uk.com,budweiser,250,500,722,361000,180500,Togo,northeast ,May,2017
10754,Jones,jone.ai@yahoo.com,castle lite,180,450,778,350100,210060,Benin,northcentral ,June,2017
10755,Smith,smithMan@yahoo.com,eagle lager,170,250,732,183000,58560,Senegal,Southeast,July,2019
10756,Jones,jone.ai@yahoo.com,hero,150,200,881,176200,44050,Ghana,west,August,2018
10757,Morgan,morganny@gmail.com,beta malt,80,150,939,140850,65730,Nigeria,southsouth,September,2017
10758,Jones,jone.ai@yahoo.com,grand malt,90,150,907,136050,54420,Togo,northwest,October,2019
10759,Parent,parentty@uk.com,trophy,150,200,709,141800,35450,Benin,northeast ,November,2019
10760,Kivell,kivel_go@yahoo.com,budweiser,250,500,886,443000,221500,Senegal,northcentral ,December,2017
10761,Smith,smithMan@yahoo.com,castle lite,180,450,828,372600,223560,Ghana,Southeast,January,2017
10762,Parent,parentty@uk.com,eagle lager,170,250,700,175000,56000,Nigeria,west,February,2019
10763,Gill,gillhell@uk.com,hero,150,200,928,185600,46400,Togo,southsouth,March,2018
10764,Smith,smithMan@yahoo.com,beta malt,80,150,737,110550,51590,Benin,northwest,April,2018
10765,Jones,jone.ai@yahoo.com,grand malt,90,150,986,147900,59160,Senegal,northeast ,May,2019
10766,Sorvino,sorvi2000@gmail.com,trophy,150,200,733,146600,36650,Ghana,northcentral ,June,2018
10767,Jardine,jard@gmail.com,budweiser,250,500,769,384500,192250,Nigeria,Southeast,July,2017
10768,Andrews,andy@gmail.com,castle lite,180,450,782,351900,211140,Togo,west,August,2017
10769,Howard,howard_freeman@yahoo.com,eagle lager,170,250,755,188750,60400,Benin,southsouth,September,2017
10770,Gill,gillhell@uk.com,hero,150,200,980,196000,49000,Senegal,northwest,October,2019
10771,Gill,gillhell@uk.com,beta malt,80,150,755,113250,52850,Ghana,northeast ,November,2019
10772,Kivell,kivel_go@yahoo.com,grand malt,90,150,804,120600,48240,Nigeria,northcentral ,December,2019
10773,Jones,jone.ai@yahoo.com,trophy,150,200,821,164200,41050,Togo,Southeast,January,2017
10774,Morgan,morganny@gmail.com,budweiser,250,500,768,384000,192000,Benin,west,February,2017
10775,Kivell,kivel_go@yahoo.com,castle lite,180,450,929,418050,250830,Senegal,southsouth,March,2019
10776,Sorvino,sorvi2000@gmail.com,eagle lager,170,250,938,234500,75040,Ghana,northwest,April,2018
10777,Gill,gillhell@uk.com,hero,150,200,776,155200,38800,Nigeria,northeast ,May,2018
10778,Sorvino,sorvi2000@gmail.com,beta malt,80,150,830,124500,58100,Togo,northcentral ,June,2018
10779,Thompson,thomp@uk.com,grand malt,90,150,881,132150,52860,Benin,Southeast,July,2017
10780,Andrews,andy@gmail.com,trophy,150,200,854,170800,42700,Senegal,west,August,2019
10781,Jardine,jard@gmail.com,budweiser,250,500,843,421500,210750,Ghana,southsouth,September,2017
10782,Jardine,jard@gmail.com,castle lite,180,450,927,417150,250290,Nigeria,northwest,October,2019
10783,Andrews,andy@gmail.com,eagle lager,170,250,988,247000,79040,Togo,northeast ,November,2019
10784,Jardine,jard@gmail.com,hero,150,200,864,172800,43200,Benin,northcentral ,December,2018
10785,Gill,gillhell@uk.com,beta malt,80,150,952,142800,66640,Senegal,Southeast,January,2017
10786,Sorvino,sorvi2000@gmail.com,grand malt,90,150,817,122550,49020,Ghana,west,February,2018
10787,Jones,jone.ai@yahoo.com,trophy,150,200,980,196000,49000,Nigeria,southsouth,March,2018
10788,Andrews,andy@gmail.com,budweiser,250,500,826,413000,206500,Togo,northwest,April,2019
10789,Jardine,jard@gmail.com,castle lite,180,450,864,388800,233280,Benin,northeast ,May,2017
10790,Thompson,thomp@uk.com,eagle lager,170,250,737,184250,58960,Senegal,northcentral ,June,2018
10791,Jones,jone.ai@yahoo.com,hero,150,200,773,154600,38650,Ghana,Southeast,July,2018
10792,Morgan,morganny@gmail.com,beta malt,80,150,902,135300,63140,Nigeria,west,August,2019
10793,Howard,howard_freeman@yahoo.com,grand malt,90,150,888,133200,53280,Togo,southsouth,September,2019
10794,Parent,parentty@uk.com,trophy,150,200,893,178600,44650,Benin,northwest,October,2019
10795,Jones,jone.ai@yahoo.com,budweiser,250,500,718,359000,179500,Senegal,northeast ,November,2017
10796,Smith,smithMan@yahoo.com,castle lite,180,450,744,334800,200880,Ghana,northcentral ,December,2017
10797,Jones,jone.ai@yahoo.com,eagle lager,170,250,959,239750,76720,Nigeria,Southeast,January,2017
10798,Morgan,morganny@gmail.com,hero,150,200,976,195200,48800,Togo,west,February,2017
10799,Jones,jone.ai@yahoo.com,beta malt,80,150,940,141000,65800,Benin,southsouth,March,2018
10800,Parent,parentty@uk.com,grand malt,90,150,956,143400,57360,Senegal,northwest,April,2019
10801,Kivell,kivel_go@yahoo.com,trophy,150,200,908,181600,45400,Ghana,northeast ,May,2018
10802,Smith,smithMan@yahoo.com,budweiser,250,500,866,433000,216500,Nigeria,northcentral ,June,2018
10803,Parent,parentty@uk.com,castle lite,180,450,735,330750,198450,Togo,Southeast,July,2019
10804,Gill,gillhell@uk.com,eagle lager,170,250,802,200500,64160,Benin,west,August,2017
10805,Smith,smithMan@yahoo.com,hero,150,200,976,195200,48800,Senegal,southsouth,September,2018
10806,Jones,jone.ai@yahoo.com,beta malt,80,150,914,137100,63980,Ghana,northwest,October,2017
10807,Sorvino,sorvi2000@gmail.com,grand malt,90,150,821,123150,49260,Nigeria,northeast ,November,2017
10808,Jardine,jard@gmail.com,trophy,150,200,804,160800,40200,Togo,northcentral ,December,2017
10809,Andrews,andy@gmail.com,budweiser,250,500,946,473000,236500,Benin,Southeast,January,2017
10810,Howard,howard_freeman@yahoo.com,castle lite,180,450,997,448650,269190,Senegal,west,February,2019
10811,Gill,gillhell@uk.com,eagle lager,170,250,770,192500,61600,Ghana,southsouth,March,2019
10812,Gill,gillhell@uk.com,hero,150,200,901,180200,45050,Nigeria,northwest,April,2017
10813,Kivell,kivel_go@yahoo.com,beta malt,80,150,719,107850,50330,Togo,northeast ,May,2019
10814,Jones,jone.ai@yahoo.com,grand malt,90,150,933,139950,55980,Benin,northcentral ,June,2018
10815,Morgan,morganny@gmail.com,trophy,150,200,992,198400,49600,Senegal,Southeast,July,2017
10816,Kivell,kivel_go@yahoo.com,budweiser,250,500,818,409000,204500,Ghana,west,August,2018
10817,Sorvino,sorvi2000@gmail.com,castle lite,180,450,828,372600,223560,Nigeria,southsouth,September,2017
10818,Gill,gillhell@uk.com,eagle lager,170,250,758,189500,60640,Togo,northwest,October,2017
10819,Sorvino,sorvi2000@gmail.com,hero,150,200,787,157400,39350,Benin,northeast ,November,2018
10820,Thompson,thomp@uk.com,beta malt,80,150,929,139350,65030,Senegal,northcentral ,December,2019
10821,Andrews,andy@gmail.com,grand malt,90,150,785,117750,47100,Ghana,Southeast,January,2019
10822,Jardine,jard@gmail.com,trophy,150,200,701,140200,35050,Nigeria,west,February,2017
10823,Jardine,jard@gmail.com,budweiser,250,500,757,378500,189250,Togo,southsouth,March,2019
10824,Andrews,andy@gmail.com,castle lite,180,450,810,364500,218700,Benin,northwest,April,2019
10825,Jones,jone.ai@yahoo.com,eagle lager,170,250,874,218500,69920,Senegal,northeast ,May,2017
10826,Morgan,morganny@gmail.com,hero,150,200,820,164000,41000,Ghana,northcentral ,June,2018
10827,Kivell,kivel_go@yahoo.com,beta malt,80,150,874,131100,61180,Nigeria,Southeast,July,2018
10828,Sorvino,sorvi2000@gmail.com,grand malt,90,150,958,143700,57480,Togo,west,August,2019
10829,Gill,gillhell@uk.com,trophy,150,200,742,148400,37100,Benin,southsouth,September,2018
10830,Sorvino,sorvi2000@gmail.com,budweiser,250,500,973,486500,243250,Senegal,northwest,October,2018
10831,Thompson,thomp@uk.com,castle lite,180,450,961,432450,259470,Ghana,northeast ,November,2017
10832,Andrews,andy@gmail.com,eagle lager,170,250,752,188000,60160,Nigeria,northcentral ,December,2017
10833,Jardine,jard@gmail.com,hero,150,200,938,187600,46900,Togo,Southeast,January,2018
10834,Jardine,jard@gmail.com,beta malt,80,150,777,116550,54390,Benin,west,February,2018
10835,Andrews,andy@gmail.com,grand malt,90,150,855,128250,51300,Senegal,southsouth,March,2018
10836,Jardine,jard@gmail.com,trophy,150,200,870,174000,43500,Ghana,northwest,April,2017
10837,Gill,gillhell@uk.com,budweiser,250,500,922,461000,230500,Nigeria,northeast ,May,2018
10838,Sorvino,sorvi2000@gmail.com,castle lite,180,450,856,385200,231120,Togo,northcentral ,June,2018
10839,Jones,jone.ai@yahoo.com,eagle lager,170,250,852,213000,68160,Benin,Southeast,July,2018
10840,Andrews,andy@gmail.com,hero,150,200,981,196200,49050,Senegal,west,August,2018
10841,Jardine,jard@gmail.com,beta malt,80,150,910,136500,63700,Ghana,southsouth,September,2017
10842,Thompson,thomp@uk.com,grand malt,90,150,805,120750,48300,Nigeria,northwest,October,2018
10843,Jones,jone.ai@yahoo.com,trophy,150,200,932,186400,46600,Togo,northeast ,November,2018
10844,Morgan,morganny@gmail.com,budweiser,250,500,891,445500,222750,Benin,northcentral ,December,2018
10845,Howard,howard_freeman@yahoo.com,castle lite,180,450,803,361350,216810,Senegal,Southeast,January,2018
10846,Parent,parentty@uk.com,eagle lager,170,250,818,204500,65440,Ghana,west,February,2017
10847,Jones,jone.ai@yahoo.com,hero,150,200,932,186400,46600,Nigeria,southsouth,March,2019
10848,Smith,smithMan@yahoo.com,beta malt,80,150,893,133950,62510,Togo,northwest,April,2019
10849,Jones,jone.ai@yahoo.com,grand malt,90,150,824,123600,49440,Benin,northeast ,May,2019
10850,Jardine,jard@gmail.com,trophy,150,200,931,186200,46550,Senegal,northcentral ,June,2019
10851,Gill,gillhell@uk.com,budweiser,250,500,783,391500,195750,Ghana,Southeast,July,2019
10852,Sorvino,sorvi2000@gmail.com,castle lite,180,450,708,318600,191160,Nigeria,west,August,2017
10853,Jones,jone.ai@yahoo.com,eagle lager,170,250,861,215250,68880,Togo,southsouth,September,2017
10854,Andrews,andy@gmail.com,hero,150,200,798,159600,39900,Benin,northwest,October,2017
10855,Jardine,jard@gmail.com,beta malt,80,150,934,140100,65380,Senegal,northeast ,November,2019
10856,Thompson,thomp@uk.com,grand malt,90,150,950,142500,57000,Ghana,northcentral ,December,2017
10857,Jones,jone.ai@yahoo.com,trophy,150,200,986,197200,49300,Nigeria,Southeast,January,2018
10858,Morgan,morganny@gmail.com,budweiser,250,500,767,383500,191750,Togo,west,February,2017
10859,Howard,howard_freeman@yahoo.com,castle lite,180,450,898,404100,242460,Benin,southsouth,March,2017
10860,Parent,parentty@uk.com,eagle lager,170,250,859,214750,68720,Senegal,northwest,April,2018
10861,Jones,jone.ai@yahoo.com,hero,150,200,934,186800,46700,Ghana,northeast ,May,2019
10862,Smith,smithMan@yahoo.com,beta malt,80,150,879,131850,61530,Nigeria,northcentral ,June,2017
10863,Jones,jone.ai@yahoo.com,grand malt,90,150,872,130800,52320,Togo,Southeast,July,2017
10864,Morgan,morganny@gmail.com,trophy,150,200,991,198200,49550,Benin,west,August,2018
10865,Jones,jone.ai@yahoo.com,budweiser,250,500,738,369000,184500,Senegal,southsouth,September,2018
10866,Parent,parentty@uk.com,castle lite,180,450,849,382050,229230,Ghana,northwest,October,2018
10867,Kivell,kivel_go@yahoo.com,eagle lager,170,250,997,249250,79760,Nigeria,northeast ,November,2017
10868,Smith,smithMan@yahoo.com,hero,150,200,842,168400,42100,Togo,northcentral ,December,2017
10869,Parent,parentty@uk.com,beta malt,80,150,866,129900,60620,Benin,Southeast,January,2019
10870,Gill,gillhell@uk.com,grand malt,90,150,904,135600,54240,Senegal,west,February,2018
10871,Smith,smithMan@yahoo.com,trophy,150,200,977,195400,48850,Ghana,southsouth,March,2018
10872,Jones,jone.ai@yahoo.com,budweiser,250,500,848,424000,212000,Nigeria,northwest,April,2017
10873,Sorvino,sorvi2000@gmail.com,castle lite,180,450,924,415800,249480,Togo,northeast ,May,2017
10874,Jardine,jard@gmail.com,eagle lager,170,250,977,244250,78160,Benin,northcentral ,June,2019
10875,Andrews,andy@gmail.com,hero,150,200,771,154200,38550,Senegal,Southeast,July,2017
10876,Howard,howard_freeman@yahoo.com,beta malt,80,150,862,129300,60340,Ghana,west,August,2017
10877,Gill,gillhell@uk.com,grand malt,90,150,716,107400,42960,Nigeria,southsouth,September,2019
10878,Gill,gillhell@uk.com,trophy,150,200,923,184600,46150,Togo,northwest,October,2017
10879,Kivell,kivel_go@yahoo.com,budweiser,250,500,729,364500,182250,Benin,northeast ,November,2018
10880,Jones,jone.ai@yahoo.com,castle lite,180,450,766,344700,206820,Senegal,northcentral ,December,2017
10881,Morgan,morganny@gmail.com,eagle lager,170,250,704,176000,56320,Ghana,Southeast,January,2019
10882,Kivell,kivel_go@yahoo.com,hero,150,200,823,164600,41150,Nigeria,west,February,2018
10883,Sorvino,sorvi2000@gmail.com,beta malt,80,150,869,130350,60830,Togo,southsouth,March,2017
10884,Gill,gillhell@uk.com,grand malt,90,150,928,139200,55680,Benin,northwest,April,2019
10885,Sorvino,sorvi2000@gmail.com,trophy,150,200,903,180600,45150,Senegal,northeast ,May,2019
10886,Thompson,thomp@uk.com,budweiser,250,500,916,458000,229000,Ghana,northcentral ,June,2018
10887,Andrews,andy@gmail.com,castle lite,180,450,988,444600,266760,Nigeria,Southeast,July,2018
10888,Jardine,jard@gmail.com,eagle lager,170,250,905,226250,72400,Togo,west,August,2017
10889,Jardine,jard@gmail.com,hero,150,200,947,189400,47350,Benin,southsouth,September,2018
10890,Andrews,andy@gmail.com,beta malt,80,150,926,138900,64820,Senegal,northwest,October,2017
10891,Jardine,jard@gmail.com,grand malt,90,150,907,136050,54420,Ghana,northeast ,November,2019
10892,Gill,gillhell@uk.com,trophy,150,200,848,169600,42400,Nigeria,northcentral ,December,2019
10893,Sorvino,sorvi2000@gmail.com,budweiser,250,500,878,439000,219500,Togo,Southeast,January,2017
10894,Jones,jone.ai@yahoo.com,castle lite,180,450,706,317700,190620,Benin,west,February,2018
10895,Andrews,andy@gmail.com,eagle lager,170,250,781,195250,62480,Senegal,southsouth,March,2019
10896,Jardine,jard@gmail.com,hero,150,200,818,163600,40900,Ghana,northwest,April,2017
10897,Thompson,thomp@uk.com,beta malt,80,150,852,127800,59640,Nigeria,northeast ,May,2017
10898,Jones,jone.ai@yahoo.com,grand malt,90,150,786,117900,47160,Togo,northcentral ,June,2019
10899,Morgan,morganny@gmail.com,trophy,150,200,1000,200000,50000,Benin,Southeast,July,2018
10900,Howard,howard_freeman@yahoo.com,budweiser,250,500,952,476000,238000,Senegal,west,August,2017
10901,Parent,parentty@uk.com,castle lite,180,450,839,377550,226530,Ghana,southsouth,September,2018
10902,Jones,jone.ai@yahoo.com,eagle lager,170,250,952,238000,76160,Nigeria,northwest,October,2017
10903,Smith,smithMan@yahoo.com,hero,150,200,777,155400,38850,Togo,northeast ,November,2017
10904,Jones,jone.ai@yahoo.com,beta malt,80,150,864,129600,60480,Benin,northcentral ,December,2018
10905,Morgan,morganny@gmail.com,grand malt,90,150,934,140100,56040,Senegal,Southeast,January,2017
10906,Jones,jone.ai@yahoo.com,trophy,150,200,902,180400,45100,Ghana,west,February,2018
10907,Parent,parentty@uk.com,budweiser,250,500,793,396500,198250,Nigeria,southsouth,March,2017
10908,Kivell,kivel_go@yahoo.com,castle lite,180,450,735,330750,198450,Togo,northwest,April,2019
10909,Smith,smithMan@yahoo.com,eagle lager,170,250,890,222500,71200,Benin,northeast ,May,2018
10910,Parent,parentty@uk.com,hero,150,200,969,193800,48450,Senegal,northcentral ,June,2018
10911,Gill,gillhell@uk.com,beta malt,80,150,978,146700,68460,Ghana,Southeast,July,2019
10912,Smith,smithMan@yahoo.com,grand malt,90,150,855,128250,51300,Nigeria,west,August,2017
10913,Jones,jone.ai@yahoo.com,trophy,150,200,835,167000,41750,Togo,southsouth,September,2017
10914,Sorvino,sorvi2000@gmail.com,budweiser,250,500,835,417500,208750,Benin,northwest,October,2019
10915,Jardine,jard@gmail.com,castle lite,180,450,992,446400,267840,Senegal,northeast ,November,2018
10916,Andrews,andy@gmail.com,eagle lager,170,250,702,175500,56160,Ghana,northcentral ,December,2017
10917,Howard,howard_freeman@yahoo.com,hero,150,200,925,185000,46250,Nigeria,Southeast,January,2019
10918,Gill,gillhell@uk.com,beta malt,80,150,997,149550,69790,Togo,west,February,2017
10919,Gill,gillhell@uk.com,grand malt,90,150,796,119400,47760,Benin,southsouth,March,2019
10920,Kivell,kivel_go@yahoo.com,trophy,150,200,741,148200,37050,Senegal,northwest,April,2019
10921,Jones,jone.ai@yahoo.com,budweiser,250,500,827,413500,206750,Ghana,northeast ,May,2018
10922,Morgan,morganny@gmail.com,castle lite,180,450,849,382050,229230,Nigeria,northcentral ,June,2018
10923,Kivell,kivel_go@yahoo.com,eagle lager,170,250,742,185500,59360,Togo,Southeast,July,2019
10924,Sorvino,sorvi2000@gmail.com,hero,150,200,965,193000,48250,Benin,west,August,2017
10925,Gill,gillhell@uk.com,beta malt,80,150,983,147450,68810,Senegal,southsouth,September,2019
10926,Sorvino,sorvi2000@gmail.com,grand malt,90,150,820,123000,49200,Ghana,northwest,October,2017
10927,Thompson,thomp@uk.com,trophy,150,200,854,170800,42700,Nigeria,northeast ,November,2018
10928,Andrews,andy@gmail.com,budweiser,250,500,768,384000,192000,Togo,northcentral ,December,2019
10929,Jardine,jard@gmail.com,castle lite,180,450,786,353700,212220,Benin,Southeast,January,2019
10930,Jardine,jard@gmail.com,eagle lager,170,250,856,214000,68480,Senegal,west,February,2019
10931,Andrews,andy@gmail.com,hero,150,200,919,183800,45950,Ghana,southsouth,March,2018
10932,Jones,jone.ai@yahoo.com,beta malt,80,150,802,120300,56140,Nigeria,northwest,April,2019
10933,Morgan,morganny@gmail.com,grand malt,90,150,864,129600,51840,Togo,northeast ,May,2017
10934,Kivell,kivel_go@yahoo.com,trophy,150,200,993,198600,49650,Benin,northcentral ,June,2018
10935,Sorvino,sorvi2000@gmail.com,budweiser,250,500,796,398000,199000,Senegal,Southeast,July,2017
10936,Gill,gillhell@uk.com,castle lite,180,450,923,415350,249210,Ghana,west,August,2019
10937,Sorvino,sorvi2000@gmail.com,eagle lager,170,250,990,247500,79200,Nigeria,southsouth,September,2018
10938,Thompson,thomp@uk.com,hero,150,200,957,191400,47850,Togo,northwest,October,2017
10939,Andrews,andy@gmail.com,beta malt,80,150,836,125400,58520,Benin,northeast ,November,2018
10940,Jardine,jard@gmail.com,grand malt,90,150,936,140400,56160,Senegal,northcentral ,December,2019
10941,Jardine,jard@gmail.com,trophy,150,200,924,184800,46200,Ghana,Southeast,January,2019
10942,Andrews,andy@gmail.com,budweiser,250,500,998,499000,249500,Nigeria,west,February,2017
10943,Jardine,jard@gmail.com,castle lite,180,450,862,387900,232740,Togo,southsouth,March,2018
10944,Gill,gillhell@uk.com,eagle lager,170,250,963,240750,77040,Benin,northwest,April,2018
10945,Sorvino,sorvi2000@gmail.com,hero,150,200,849,169800,42450,Senegal,northeast ,May,2017
10946,Jones,jone.ai@yahoo.com,beta malt,80,150,938,140700,65660,Ghana,northcentral ,June,2017
10947,Andrews,andy@gmail.com,grand malt,90,150,918,137700,55080,Nigeria,Southeast,July,2018
10948,Jardine,jard@gmail.com,trophy,150,200,728,145600,36400,Togo,west,August,2017
10949,Thompson,thomp@uk.com,budweiser,250,500,999,499500,249750,Benin,southsouth,September,2019
10950,Jones,jone.ai@yahoo.com,castle lite,180,450,888,399600,239760,Senegal,northwest,October,2018
10951,Morgan,morganny@gmail.com,eagle lager,170,250,746,186500,59680,Ghana,northeast ,November,2018
10952,Howard,howard_freeman@yahoo.com,hero,150,200,989,197800,49450,Nigeria,northcentral ,December,2017
10953,Parent,parentty@uk.com,beta malt,80,150,948,142200,66360,Togo,Southeast,January,2019
10954,Jones,jone.ai@yahoo.com,grand malt,90,150,919,137850,55140,Benin,west,February,2019
10955,Smith,smithMan@yahoo.com,trophy,150,200,887,177400,44350,Senegal,southsouth,March,2017
10956,Jones,jone.ai@yahoo.com,budweiser,250,500,784,392000,196000,Ghana,northwest,April,2019
10957,Jardine,jard@gmail.com,castle lite,180,450,795,357750,214650,Nigeria,northeast ,May,2017
10958,Gill,gillhell@uk.com,eagle lager,170,250,948,237000,75840,Togo,northcentral ,June,2019
10959,Sorvino,sorvi2000@gmail.com,hero,150,200,787,157400,39350,Benin,Southeast,July,2019
10960,Jones,jone.ai@yahoo.com,beta malt,80,150,977,146550,68390,Senegal,west,August,2018
10961,Andrews,andy@gmail.com,grand malt,90,150,955,143250,57300,Ghana,southsouth,September,2017
10962,Jardine,jard@gmail.com,trophy,150,200,955,191000,47750,Nigeria,northwest,October,2018
10963,Thompson,thomp@uk.com,budweiser,250,500,765,382500,191250,Togo,northeast ,November,2017
10964,Jones,jone.ai@yahoo.com,castle lite,180,450,887,399150,239490,Benin,northcentral ,December,2019
10965,Morgan,morganny@gmail.com,eagle lager,170,250,729,182250,58320,Senegal,Southeast,January,2019
10966,Howard,howard_freeman@yahoo.com,hero,150,200,836,167200,41800,Ghana,west,February,2019
10967,Parent,parentty@uk.com,beta malt,80,150,797,119550,55790,Nigeria,southsouth,March,2018
10968,Jones,jone.ai@yahoo.com,grand malt,90,150,791,118650,47460,Togo,northwest,April,2019
10969,Smith,smithMan@yahoo.com,trophy,150,200,773,154600,38650,Benin,northeast ,May,2018
10970,Jones,jone.ai@yahoo.com,budweiser,250,500,767,383500,191750,Senegal,northcentral ,June,2017
10971,Morgan,morganny@gmail.com,castle lite,180,450,939,422550,253530,Ghana,Southeast,July,2019
10972,Jones,jone.ai@yahoo.com,eagle lager,170,250,832,208000,66560,Nigeria,west,August,2018
10973,Parent,parentty@uk.com,hero,150,200,768,153600,38400,Togo,southsouth,September,2018
10974,Kivell,kivel_go@yahoo.com,beta malt,80,150,958,143700,67060,Benin,northwest,October,2017
10975,Smith,smithMan@yahoo.com,grand malt,90,150,958,143700,57480,Senegal,northeast ,November,2018
10976,Parent,parentty@uk.com,trophy,150,200,927,185400,46350,Ghana,northcentral ,December,2019
10977,Gill,gillhell@uk.com,budweiser,250,500,919,459500,229750,Nigeria,Southeast,January,2019
10978,Smith,smithMan@yahoo.com,castle lite,180,450,830,373500,224100,Togo,west,February,2018
10979,Jones,jone.ai@yahoo.com,eagle lager,170,250,874,218500,69920,Benin,southsouth,March,2018
10980,Sorvino,sorvi2000@gmail.com,hero,150,200,954,190800,47700,Senegal,northwest,April,2017
10981,Jardine,jard@gmail.com,beta malt,80,150,919,137850,64330,Ghana,northeast ,May,2017
10982,Andrews,andy@gmail.com,grand malt,90,150,796,119400,47760,Nigeria,northcentral ,June,2017
10983,Howard,howard_freeman@yahoo.com,trophy,150,200,773,154600,38650,Togo,Southeast,July,2017
10984,Gill,gillhell@uk.com,budweiser,250,500,891,445500,222750,Benin,west,August,2018
10985,Gill,gillhell@uk.com,castle lite,180,450,778,350100,210060,Senegal,southsouth,September,2017
10986,Kivell,kivel_go@yahoo.com,eagle lager,170,250,950,237500,76000,Ghana,northwest,October,2018
10987,Jones,jone.ai@yahoo.com,hero,150,200,840,168000,42000,Nigeria,northeast ,November,2017
10988,Morgan,morganny@gmail.com,beta malt,80,150,821,123150,57470,Togo,northcentral ,December,2017
10989,Kivell,kivel_go@yahoo.com,grand malt,90,150,720,108000,43200,Benin,Southeast,January,2017
10990,Sorvino,sorvi2000@gmail.com,trophy,150,200,706,141200,35300,Senegal,west,February,2019
10991,Gill,gillhell@uk.com,budweiser,250,500,827,413500,206750,Ghana,southsouth,March,2018
10992,Sorvino,sorvi2000@gmail.com,castle lite,180,450,792,356400,213840,Nigeria,northwest,April,2017
10993,Thompson,thomp@uk.com,eagle lager,170,250,885,221250,70800,Togo,northeast ,May,2017
10994,Andrews,andy@gmail.com,hero,150,200,973,194600,48650,Benin,northcentral ,June,2019
10995,Jardine,jard@gmail.com,beta malt,80,150,977,146550,68390,Senegal,Southeast,July,2017
10996,Jardine,jard@gmail.com,grand malt,90,150,873,130950,52380,Ghana,west,August,2019
10997,Andrews,andy@gmail.com,trophy,150,200,932,186400,46600,Nigeria,southsouth,September,2017
10998,Jardine,jard@gmail.com,budweiser,250,500,701,350500,175250,Togo,northwest,October,2018
10999,Gill,gillhell@uk.com,castle lite,180,450,977,439650,263790,Benin,northeast ,November,2017
11000,Sorvino,sorvi2000@gmail.com,eagle lager,170,250,977,244250,78160,Senegal,northcentral ,December,2017
11001,Jones,jone.ai@yahoo.com,hero,150,200,952,190400,47600,Ghana,Southeast,January,2019
11002,Andrews,andy@gmail.com,beta malt,80,150,750,112500,52500,Nigeria,west,February,2018
11003,Jardine,jard@gmail.com,grand malt,90,150,961,144150,57660,Togo,southsouth,March,2017
11004,Thompson,thomp@uk.com,trophy,150,200,702,140400,35100,Benin,northwest,April,2018
11005,Jones,jone.ai@yahoo.com,budweiser,250,500,984,492000,246000,Senegal,northeast ,May,2017
11006,Morgan,morganny@gmail.com,castle lite,180,450,861,387450,232470,Ghana,northcentral ,June,2017
11007,Howard,howard_freeman@yahoo.com,eagle lager,170,250,984,246000,78720,Nigeria,Southeast,July,2019
11008,Parent,parentty@uk.com,hero,150,200,760,152000,38000,Togo,west,August,2018
11009,Jones,jone.ai@yahoo.com,beta malt,80,150,849,127350,59430,Benin,southsouth,September,2019
11010,Smith,smithMan@yahoo.com,grand malt,90,150,728,109200,43680,Senegal,northwest,October,2017
11011,Jones,jone.ai@yahoo.com,trophy,150,200,842,168400,42100,Ghana,northeast ,November,2019
11012,Morgan,morganny@gmail.com,budweiser,250,500,966,483000,241500,Nigeria,northcentral ,December,2017
11013,Jones,jone.ai@yahoo.com,castle lite,180,450,732,329400,197640,Togo,Southeast,January,2017
11014,Parent,parentty@uk.com,eagle lager,170,250,996,249000,79680,Benin,west,February,2018
11015,Kivell,kivel_go@yahoo.com,hero,150,200,770,154000,38500,Senegal,southsouth,March,2019
11016,Smith,smithMan@yahoo.com,beta malt,80,150,785,117750,54950,Ghana,northwest,April,2017
11017,Parent,parentty@uk.com,grand malt,90,150,891,133650,53460,Nigeria,northeast ,May,2017
11018,Gill,gillhell@uk.com,trophy,150,200,793,158600,39650,Togo,northcentral ,June,2019
11019,Smith,smithMan@yahoo.com,budweiser,250,500,893,446500,223250,Benin,Southeast,July,2019
11020,Jones,jone.ai@yahoo.com,castle lite,180,450,880,396000,237600,Senegal,west,August,2017
11021,Sorvino,sorvi2000@gmail.com,eagle lager,170,250,921,230250,73680,Ghana,southsouth,September,2017
11022,Jardine,jard@gmail.com,hero,150,200,851,170200,42550,Nigeria,northwest,October,2019
11023,Andrews,andy@gmail.com,beta malt,80,150,860,129000,60200,Togo,northeast ,November,2018
11024,Howard,howard_freeman@yahoo.com,grand malt,90,150,818,122700,49080,Benin,northcentral ,December,2018
11025,Gill,gillhell@uk.com,trophy,150,200,906,181200,45300,Senegal,Southeast,January,2017
11026,Gill,gillhell@uk.com,budweiser,250,500,810,405000,202500,Ghana,west,February,2017
11027,Kivell,kivel_go@yahoo.com,castle lite,180,450,847,381150,228690,Nigeria,southsouth,March,2019
11028,Jones,jone.ai@yahoo.com,eagle lager,170,250,703,175750,56240,Togo,northwest,April,2017
11029,Morgan,morganny@gmail.com,hero,150,200,716,143200,35800,Benin,northeast ,May,2018
11030,Kivell,kivel_go@yahoo.com,beta malt,80,150,895,134250,62650,Senegal,northcentral ,June,2019
11031,Sorvino,sorvi2000@gmail.com,grand malt,90,150,981,147150,58860,Ghana,Southeast,July,2019
11032,Gill,gillhell@uk.com,trophy,150,200,799,159800,39950,Nigeria,west,August,2018
11033,Sorvino,sorvi2000@gmail.com,budweiser,250,500,774,387000,193500,Togo,southsouth,September,2018
11034,Thompson,thomp@uk.com,castle lite,180,450,861,387450,232470,Benin,northwest,October,2019
11035,Andrews,andy@gmail.com,eagle lager,170,250,928,232000,74240,Senegal,northeast ,November,2017
11036,Jardine,jard@gmail.com,hero,150,200,706,141200,35300,Ghana,northcentral ,December,2019
11037,Jardine,jard@gmail.com,beta malt,80,150,761,114150,53270,Nigeria,Southeast,January,2019
11038,Andrews,andy@gmail.com,grand malt,90,150,849,127350,50940,Togo,west,February,2017
11039,Jones,jone.ai@yahoo.com,trophy,150,200,914,182800,45700,Benin,southsouth,March,2019
11040,Morgan,morganny@gmail.com,budweiser,250,500,942,471000,235500,Senegal,northwest,April,2018
11041,Kivell,kivel_go@yahoo.com,castle lite,180,450,930,418500,251100,Ghana,northeast ,May,2017
11042,Sorvino,sorvi2000@gmail.com,eagle lager,170,250,945,236250,75600,Nigeria,northcentral ,June,2018
11043,Gill,gillhell@uk.com,hero,150,200,775,155000,38750,Togo,Southeast,July,2017
11044,Sorvino,sorvi2000@gmail.com,beta malt,80,150,729,109350,51030,Benin,west,August,2017
11045,Thompson,thomp@uk.com,grand malt,90,150,941,141150,56460,Senegal,southsouth,September,2019
11046,Andrews,andy@gmail.com,trophy,150,200,735,147000,36750,Ghana,northwest,October,2017
11047,Jardine,jard@gmail.com,budweiser,250,500,727,363500,181750,Nigeria,northeast ,November,2018
11048,Jardine,jard@gmail.com,castle lite,180,450,859,386550,231930,Togo,northcentral ,December,2018
11049,Andrews,andy@gmail.com,eagle lager,170,250,792,198000,63360,Benin,Southeast,January,2017
11050,Jardine,jard@gmail.com,hero,150,200,874,174800,43700,Senegal,west,February,2017
11051,Gill,gillhell@uk.com,beta malt,80,150,792,118800,55440,Ghana,southsouth,March,2019
11052,Sorvino,sorvi2000@gmail.com,grand malt,90,150,822,123300,49320,Nigeria,northwest,April,2018
11053,Jones,jone.ai@yahoo.com,trophy,150,200,912,182400,45600,Togo,northeast ,May,2017
11054,Andrews,andy@gmail.com,budweiser,250,500,759,379500,189750,Benin,northcentral ,June,2017
11055,Jardine,jard@gmail.com,castle lite,180,450,858,386100,231660,Senegal,Southeast,July,2017
11056,Thompson,thomp@uk.com,eagle lager,170,250,921,230250,73680,Ghana,west,August,2018
11057,Jones,jone.ai@yahoo.com,hero,150,200,871,174200,43550,Nigeria,southsouth,September,2019
11058,Morgan,morganny@gmail.com,beta malt,80,150,836,125400,58520,Togo,northwest,October,2018
11059,Howard,howard_freeman@yahoo.com,grand malt,90,150,861,129150,51660,Benin,northeast ,November,2019
11060,Parent,parentty@uk.com,trophy,150,200,711,142200,35550,Senegal,northcentral ,December,2019
11061,Jones,jone.ai@yahoo.com,budweiser,250,500,834,417000,208500,Ghana,Southeast,January,2019
11062,Smith,smithMan@yahoo.com,castle lite,180,450,979,440550,264330,Nigeria,west,February,2018
11063,Jones,jone.ai@yahoo.com,eagle lager,170,250,858,214500,68640,Togo,southsouth,March,2019
11064,Jardine,jard@gmail.com,hero,150,200,737,147400,36850,Benin,northwest,April,2017
11065,Gill,gillhell@uk.com,beta malt,80,150,800,120000,56000,Senegal,northeast ,May,2018
11066,Sorvino,sorvi2000@gmail.com,grand malt,90,150,892,133800,53520,Ghana,northcentral ,June,2018
11067,Jones,jone.ai@yahoo.com,trophy,150,200,758,151600,37900,Nigeria,Southeast,July,2018
11068,Andrews,andy@gmail.com,budweiser,250,500,725,362500,181250,Togo,west,August,2017
11069,Jardine,jard@gmail.com,castle lite,180,450,939,422550,253530,Benin,southsouth,September,2018
11070,Thompson,thomp@uk.com,eagle lager,170,250,851,212750,68080,Senegal,northwest,October,2017
11071,Jones,jone.ai@yahoo.com,hero,150,200,814,162800,40700,Ghana,northeast ,November,2018
11072,Morgan,morganny@gmail.com,beta malt,80,150,832,124800,58240,Nigeria,northcentral ,December,2018
11073,Howard,howard_freeman@yahoo.com,grand malt,90,150,927,139050,55620,Togo,Southeast,January,2017
11074,Parent,parentty@uk.com,trophy,150,200,825,165000,41250,Benin,west,February,2018
11075,Jones,jone.ai@yahoo.com,budweiser,250,500,934,467000,233500,Senegal,southsouth,March,2018
11076,Smith,smithMan@yahoo.com,castle lite,180,450,779,350550,210330,Ghana,northwest,April,2019
11077,Jones,jone.ai@yahoo.com,eagle lager,170,250,706,176500,56480,Nigeria,northeast ,May,2019
11078,Morgan,morganny@gmail.com,hero,150,200,743,148600,37150,Togo,northcentral ,June,2017
11079,Jones,jone.ai@yahoo.com,beta malt,80,150,919,137850,64330,Benin,Southeast,July,2017
11080,Parent,parentty@uk.com,grand malt,90,150,991,148650,59460,Senegal,west,August,2019
11081,Kivell,kivel_go@yahoo.com,trophy,150,200,836,167200,41800,Ghana,southsouth,September,2018
11082,Smith,smithMan@yahoo.com,budweiser,250,500,793,396500,198250,Nigeria,northwest,October,2017
11083,Parent,parentty@uk.com,castle lite,180,450,831,373950,224370,Togo,northeast ,November,2019
11084,Gill,gillhell@uk.com,eagle lager,170,250,847,211750,67760,Benin,northcentral ,December,2017
11085,Smith,smithMan@yahoo.com,hero,150,200,993,198600,49650,Senegal,Southeast,January,2017
11086,Jones,jone.ai@yahoo.com,beta malt,80,150,904,135600,63280,Ghana,west,February,2019
11087,Sorvino,sorvi2000@gmail.com,grand malt,90,150,832,124800,49920,Nigeria,southsouth,March,2018
11088,Jardine,jard@gmail.com,trophy,150,200,763,152600,38150,Togo,northwest,April,2017
11089,Andrews,andy@gmail.com,budweiser,250,500,912,456000,228000,Benin,northeast ,May,2019
11090,Howard,howard_freeman@yahoo.com,castle lite,180,450,834,375300,225180,Senegal,northcentral ,June,2018
11091,Gill,gillhell@uk.com,eagle lager,170,250,914,228500,73120,Ghana,Southeast,July,2019
11092,Gill,gillhell@uk.com,hero,150,200,863,172600,43150,Nigeria,west,August,2019
11093,Kivell,kivel_go@yahoo.com,beta malt,80,150,835,125250,58450,Togo,southsouth,September,2017
11094,Jones,jone.ai@yahoo.com,grand malt,90,150,859,128850,51540,Benin,northwest,October,2019
11095,Morgan,morganny@gmail.com,trophy,150,200,995,199000,49750,Senegal,northeast ,November,2017
11096,Kivell,kivel_go@yahoo.com,budweiser,250,500,995,497500,248750,Ghana,northcentral ,December,2018
11097,Sorvino,sorvi2000@gmail.com,castle lite,180,450,736,331200,198720,Nigeria,Southeast,January,2019
11098,Gill,gillhell@uk.com,eagle lager,170,250,857,214250,68560,Togo,west,February,2018
11099,Sorvino,sorvi2000@gmail.com,hero,150,200,938,187600,46900,Benin,southsouth,March,2018
11100,Thompson,thomp@uk.com,beta malt,80,150,785,117750,54950,Senegal,northwest,April,2018
11101,Andrews,andy@gmail.com,grand malt,90,150,910,136500,54600,Ghana,northeast ,May,2018
11102,Jardine,jard@gmail.com,trophy,150,200,838,167600,41900,Nigeria,northcentral ,June,2019
11103,Jardine,jard@gmail.com,budweiser,250,500,943,471500,235750,Togo,Southeast,July,2019
11104,Andrews,andy@gmail.com,castle lite,180,450,771,346950,208170,Benin,west,August,2019
11105,Jardine,jard@gmail.com,eagle lager,170,250,881,220250,70480,Senegal,southsouth,September,2017
11106,Gill,gillhell@uk.com,hero,150,200,973,194600,48650,Ghana,northwest,October,2017
11107,Sorvino,sorvi2000@gmail.com,beta malt,80,150,786,117900,55020,Nigeria,northeast ,November,2017
11108,Jones,jone.ai@yahoo.com,grand malt,90,150,904,135600,54240,Togo,northcentral ,December,2018
11109,Andrews,andy@gmail.com,trophy,150,200,912,182400,45600,Benin,Southeast,January,2018
11110,Jardine,jard@gmail.com,budweiser,250,500,734,367000,183500,Senegal,west,February,2018
11111,Thompson,thomp@uk.com,castle lite,180,450,977,439650,263790,Ghana,southsouth,March,2017
11112,Jones,jone.ai@yahoo.com,eagle lager,170,250,711,177750,56880,Nigeria,northwest,April,2017
11113,Morgan,morganny@gmail.com,hero,150,200,727,145400,36350,Togo,northeast ,May,2017
11114,Howard,howard_freeman@yahoo.com,beta malt,80,150,732,109800,51240,Benin,northcentral ,June,2017
11115,Parent,parentty@uk.com,grand malt,90,150,908,136200,54480,Senegal,Southeast,July,2018
11116,Jones,jone.ai@yahoo.com,trophy,150,200,767,153400,38350,Ghana,west,August,2017
11117,Smith,smithMan@yahoo.com,budweiser,250,500,847,423500,211750,Nigeria,southsouth,September,2019
11118,Jones,jone.ai@yahoo.com,castle lite,180,450,968,435600,261360,Togo,northwest,October,2019
11119,Morgan,morganny@gmail.com,eagle lager,170,250,832,208000,66560,Benin,northeast ,November,2018
11120,Jones,jone.ai@yahoo.com,hero,150,200,763,152600,38150,Senegal,northcentral ,December,2018
11121,Parent,parentty@uk.com,beta malt,80,150,842,126300,58940,Ghana,Southeast,January,2017
11122,Kivell,kivel_go@yahoo.com,grand malt,90,150,848,127200,50880,Nigeria,west,February,2018
11123,Smith,smithMan@yahoo.com,trophy,150,200,988,197600,49400,Togo,southsouth,March,2018
11124,Parent,parentty@uk.com,budweiser,250,500,876,438000,219000,Benin,northwest,April,2018
11125,Gill,gillhell@uk.com,castle lite,180,450,900,405000,243000,Senegal,northeast ,May,2019
11126,Smith,smithMan@yahoo.com,eagle lager,170,250,938,234500,75040,Ghana,northcentral ,June,2019
11127,Jones,jone.ai@yahoo.com,hero,150,200,731,146200,36550,Nigeria,Southeast,July,2018
11128,Sorvino,sorvi2000@gmail.com,beta malt,80,150,779,116850,54530,Togo,west,August,2017
11129,Jardine,jard@gmail.com,grand malt,90,150,900,135000,54000,Benin,southsouth,September,2019
11130,Andrews,andy@gmail.com,trophy,150,200,953,190600,47650,Senegal,northwest,October,2017
11131,Howard,howard_freeman@yahoo.com,budweiser,250,500,700,350000,175000,Ghana,northeast ,November,2019
11132,Gill,gillhell@uk.com,castle lite,180,450,721,324450,194670,Nigeria,northcentral ,December,2018
11133,Gill,gillhell@uk.com,eagle lager,170,250,972,243000,77760,Togo,Southeast,January,2019
11134,Kivell,kivel_go@yahoo.com,hero,150,200,860,172000,43000,Benin,west,February,2018
11135,Jones,jone.ai@yahoo.com,beta malt,80,150,811,121650,56770,Senegal,southsouth,March,2019
11136,Morgan,morganny@gmail.com,grand malt,90,150,963,144450,57780,Ghana,northwest,April,2019
11137,Kivell,kivel_go@yahoo.com,trophy,150,200,974,194800,48700,Nigeria,northeast ,May,2017
11138,Sorvino,sorvi2000@gmail.com,budweiser,250,500,839,419500,209750,Togo,northcentral ,June,2019
11139,Gill,gillhell@uk.com,castle lite,180,450,907,408150,244890,Benin,Southeast,July,2017
11140,Sorvino,sorvi2000@gmail.com,eagle lager,170,250,949,237250,75920,Senegal,west,August,2017
11141,Thompson,thomp@uk.com,hero,150,200,903,180600,45150,Ghana,southsouth,September,2019
11142,Andrews,andy@gmail.com,beta malt,80,150,740,111000,51800,Nigeria,northwest,October,2018
11143,Jardine,jard@gmail.com,grand malt,90,150,962,144300,57720,Togo,northeast ,November,2017
11144,Jardine,jard@gmail.com,trophy,150,200,892,178400,44600,Benin,northcentral ,December,2017
11145,Andrews,andy@gmail.com,budweiser,250,500,816,408000,204000,Senegal,Southeast,January,2019
11146,Jones,jone.ai@yahoo.com,castle lite,180,450,939,422550,253530,Ghana,west,February,2017
11147,Morgan,morganny@gmail.com,eagle lager,170,250,935,233750,74800,Nigeria,southsouth,March,2019
